,n_variables,adjusted_r2,intercept,sum of squares,vars
0,1.0,0.9744107186990799,4.21806153793942,4306.328476966735,"('dwtype',)"
1,1.0,0.9637304785404568,-1.766224610706189,6103.6678314827095,"('npers',)"
2,1.0,0.8906707843196968,-2.4394921314892883,18398.6220367824,"('nveh',)"
3,1.0,0.9616375787085135,-2.127045005577898,6455.874446422402,"('nlic',)"
4,1.0,0.7362225826781763,5.081612946190731,44390.156582978154,"('nstud',)"
5,1.0,0.9355575565724321,0.7667231153080039,10844.787940467759,"('nfem',)"
6,1.0,0.9714552288384374,-3.2339912034567817,4803.697277622117,"('nmale',)"
7,1.0,0.47793446920235283,18.15160840250433,87856.53788705068,"('nchild',)"
8,1.0,0.7777151408434899,6.2451861360718866,37407.52261572149,"('n65+',)"
9,2.0,0.9863563804369496,0.8662871797698344,2247.1840314598107,"('dwtype', 'npers')"
10,2.0,0.982232312415933,1.2693065874406315,2926.442182763107,"('dwtype', 'nveh')"
11,2.0,0.9820765886730193,1.1446565004653522,2952.090795052359,"('dwtype', 'nlic')"
12,2.0,0.9810994654845797,2.1662438883995705,3113.0287056766847,"('dwtype', 'nstud')"
13,2.0,0.9828715860635387,2.18065289888159,2821.150069772571,"('dwtype', 'nfem')"
14,2.0,0.9872933042041446,-0.04448080808391808,2092.8672008998687,"('dwtype', 'nmale')"
15,2.0,0.9797222837236041,2.6965126771173757,3339.8586057175426,"('dwtype', 'nchild')"
16,2.0,0.9739893509237194,4.41984671482377,4284.10620671507,"('dwtype', 'n65+')"
17,2.0,0.9649777196164827,-2.533142282418133,5768.37465010296,"('npers', 'nveh')"
18,2.0,0.9741231307823941,-2.569556205857559,4262.071880651112,"('npers', 'nlic')"
19,2.0,0.9793742503806379,-0.6461419997755584,3397.181735193207,"('npers', 'nstud')"
20,2.0,0.9706815250153675,-3.0705575460502175,4828.924502603957,"('npers', 'nfem')"
21,2.0,0.9710833380238263,-3.089599109110843,4762.74354731799,"('npers', 'nmale')"
22,2.0,0.9844816379049914,-0.9499091595381302,2555.965103919854,"('npers', 'nchild')"
23,2.0,0.967751596541042,-1.6526975715182814,5311.500878352124,"('npers', 'n65+')"
24,2.0,0.9679802328438911,-0.6999946476468679,5273.843140506238,"('nveh', 'nlic')"
25,2.0,0.8964590165952456,-3.1776453012468835,17053.80624500434,"('nveh', 'nstud')"
26,2.0,0.9452935797522446,-1.559120861103544,9010.467745085745,"('nveh', 'nfem')"
27,2.0,0.9722589042611326,-3.736910394129353,4569.120904573462,"('nveh', 'nmale')"
28,2.0,0.8920578202619713,-3.027480480009217,17778.709052045222,"('nveh', 'nchild')"
29,2.0,0.911013490971874,-3.015065705982991,14656.599092290473,"('nveh', 'n65+')"
30,2.0,0.9613430266354336,-2.406116157766384,6367.029866816363,"('nlic', 'nstud')"
31,2.0,0.968508614475704,-2.029311009093,5186.815591838567,"('nlic', 'nfem')"
32,2.0,0.9770122483610433,-3.3339485775491653,3786.2172983866762,"('nlic', 'nmale')"
33,2.0,0.9618420750327487,-2.5163021639710124,6284.833673629539,"('nlic', 'nchild')"
34,2.0,0.9614822239409303,-2.2497956789511804,6344.103255539281,"('nlic', 'n65+')"
35,2.0,0.948453908987694,2.295505465403373,8489.943014882181,"('nstud', 'nfem')"
36,2.0,0.9767652767456088,-2.6558439584035725,3826.89496957675,"('nstud', 'nmale')"
37,2.0,0.7446650484862294,5.039794974867654,42055.16161336234,"('nstud', 'nchild')"
38,2.0,0.8203894141192025,2.107893685242381,29582.915193967317,"('nstud', 'n65+')"
39,2.0,0.9711094438215224,-3.080345993896593,4758.443769576402,"('nfem', 'nmale')"
40,2.0,0.9679853789557166,1.888831644311466,5272.995545755825,"('nfem', 'nchild')"
41,2.0,0.9365013816088491,1.0388213245033455,10458.594261510858,"('nfem', 'n65+')"
42,2.0,0.9773909570915938,-2.6884502684180163,3723.8417529579274,"('nmale', 'nchild')"
43,2.0,0.9722278961624556,-3.214947278471655,4574.228119991736,"('nmale', 'n65+')"
44,2.0,0.7748389065224913,5.710930942139967,37085.35051350903,"('nchild', 'n65+')"
45,3.0,0.9872047488331556,0.2500177199302982,2061.6385979666984,"('dwtype', 'npers', 'nveh')"
46,3.0,0.9869006629738917,0.2970558351088286,2110.6345212494393,"('dwtype', 'npers', 'nlic')"
47,3.0,0.9868678615792331,0.7292696853051623,2115.919655586663,"('dwtype', 'npers', 'nstud')"
48,3.0,0.987370218966552,0.06184994370466512,2034.977174179648,"('dwtype', 'npers', 'nfem')"
49,3.0,0.9872255528359787,0.08461520833098746,2058.2865469086055,"('dwtype', 'npers', 'nmale')"
50,3.0,0.9879314690571159,0.31455612389699894,1944.5455886850993,"('dwtype', 'npers', 'nchild')"
51,3.0,0.9923529904890708,1.0747392067996557,1232.1266508313536,"('dwtype', 'npers', 'n65+')"
52,3.0,0.9820854207144095,1.101896574620433,2886.4918429433565,"('dwtype', 'nveh', 'nlic')"
53,3.0,0.9841231386710372,0.7969205012196241,2558.1639393818195,"('dwtype', 'nveh', 'nstud')"
54,3.0,0.9849348496899334,0.977330754042832,2427.376763332666,"('dwtype', 'nveh', 'nfem')"
55,3.0,0.9881203423624915,-0.5145923933183454,1914.113321947198,"('dwtype', 'nveh', 'nmale')"
56,3.0,0.9843768864499478,0.7685406106284915,2517.278754063539,"('dwtype', 'nveh', 'nchild')"
57,3.0,0.9824914042704278,1.592848958655992,2821.0776233776032,"('dwtype', 'nveh', 'n65+')"
58,3.0,0.9839057999261205,0.7430227859269394,2593.1827084166052,"('dwtype', 'nlic', 'nstud')"
59,3.0,0.9848226804949956,0.9114990224302275,2445.4500577738004,"('dwtype', 'nlic', 'nfem')"
60,3.0,0.9875659722849971,-0.36999398015500873,2003.4363633175647,"('dwtype', 'nlic', 'nmale')"
61,3.0,0.9842421892890195,0.6710385999919382,2538.9818736338857,"('dwtype', 'nlic', 'nchild')"
62,3.0,0.9822671929671943,1.4552480801584977,2857.2037353873484,"('dwtype', 'nlic', 'n65+')"
63,3.0,0.9825536748490858,2.093563550222534,2811.0442581231655,"('dwtype', 'nstud', 'nfem')"
64,3.0,0.9870813106157922,-0.10459658589341103,2081.5276169520953,"('dwtype', 'nstud', 'nmale')"
65,3.0,0.980909548114768,2.1475308508632196,3075.954660523228,"('dwtype', 'nstud', 'nchild')"
66,3.0,0.9833915875321558,2.5841901635165883,2676.0353312472957,"('dwtype', 'nstud', 'n65+')"
67,3.0,0.9871948098771625,0.0716401925121275,2063.2400151668367,"('dwtype', 'nfem', 'nmale')"
68,3.0,0.9827878301741382,2.210081293737879,2773.3159126805845,"('dwtype', 'nfem', 'nchild')"
69,3.0,0.9886832466860686,2.687255964382274,1823.4151976730955,"('dwtype', 'nfem', 'n65+')"
70,3.0,0.987093463807733,-0.1270675642392476,2079.569430335313,"('dwtype', 'nmale', 'nchild')"
71,3.0,0.9903935828045682,0.2054843322487372,1547.8367888230723,"('dwtype', 'nmale', 'n65+')"
72,3.0,0.983038018951375,3.1933189849177026,2733.0041725510546,"('dwtype', 'nchild', 'n65+')"
73,3.0,0.9776094445447758,-1.4371206740056124,3607.68481638086,"('npers', 'nveh', 'nlic')"
74,3.0,0.9799424320948212,-1.217412818092086,3231.7815129574215,"('npers', 'nveh', 'nstud')"
75,3.0,0.9714460018203175,-3.6551086979549225,4600.771333512025,"('npers', 'nveh', 'nfem')"
76,3.0,0.9717147851948162,-3.635483454343124,4557.463533443655,"('npers', 'nveh', 'nmale')"
77,3.0,0.9841544477040738,-0.866750393110415,2553.1192622487483,"('npers', 'nveh', 'nchild')"
78,3.0,0.9680989372735004,-2.222185669250244,5140.068090537377,"('npers', 'nveh', 'n65+')"
79,3.0,0.9819259076341539,-1.3430200355982507,2912.1934347954907,"('npers', 'nlic', 'nstud')"
80,3.0,0.9766571355023205,-3.287223576442166,3761.1258902228615,"('npers', 'nlic', 'nfem')"
81,3.0,0.9765629821737346,-3.26148920156529,3776.2963729127323,"('npers', 'nlic', 'nmale')"
82,3.0,0.9841609593007369,-1.0276811019638572,2552.0700793261026,"('npers', 'nlic', 'nchild')"
83,3.0,0.976237554631053,-2.4134946657645457,3828.730981197155,"('npers', 'nlic', 'n65+')"
84,3.0,0.9813489827684153,-1.5587197848580345,3005.150623038546,"('npers', 'nstud', 'nfem')"
85,3.0,0.9812007301775562,-1.5485937074098999,3029.0378652331874,"('npers', 'nstud', 'nmale')"
86,3.0,0.9866922207966619,-0.6124207915079296,2144.2198282057275,"('npers', 'nstud', 'nchild')"
87,3.0,0.9856851151656789,-0.44728137626506737,2306.490018449751,"('npers', 'nstud', 'n65+')"
88,3.0,0.9706604207764845,-3.056784259105278,4727.348309663437,"('npers', 'nfem', 'nmale')"
89,3.0,0.9843883557857865,-1.2711760288667406,2515.4307539618,"('npers', 'nfem', 'nchild')"
90,3.0,0.9724314441180736,-2.7984349060895184,4441.991654189524,"('npers', 'nfem', 'n65+')"
91,3.0,0.9843145348150635,-1.226491925993642,2527.3251795262145,"('npers', 'nmale', 'nchild')"
92,3.0,0.9729705295526133,-2.8315652527053174,4355.13135539922,"('npers', 'nmale', 'n65+')"
93,3.0,0.9875939137309747,-0.8795609587705755,1998.9342896373203,"('npers', 'nchild', 'n65+')"
94,3.0,0.9686472460309103,-1.0500785742582082,5051.721681143816,"('nveh', 'nlic', 'nstud')"
95,3.0,0.9740782687988889,-0.7129036015141708,4176.646544368525,"('nveh', 'nlic', 'nfem')"
96,3.0,0.9785895841819555,-2.377360672910932,3449.7595297993134,"('nveh', 'nlic', 'nmale')"
97,3.0,0.9692009529277623,-1.1346168989480603,4962.5054949490295,"('nveh', 'nlic', 'nchild')"
98,3.0,0.9673802196656409,-0.7834701098512227,5255.871675952016,"('nveh', 'nlic', 'n65+')"
99,3.0,0.9562759261482716,0.09554261939097586,7045.054226575275,"('nveh', 'nstud', 'nfem')"
100,3.0,0.9780301484373352,-3.1967655343222745,3539.8987782714694,"('nveh', 'nstud', 'nmale')"
101,3.0,0.89430663256058,-3.115222253062541,17029.874835659324,"('nveh', 'nstud', 'nchild')"
102,3.0,0.9100930338179675,-3.247992330724138,14486.28630184813,"('nveh', 'nstud', 'n65+')"
103,3.0,0.9717235462258907,-3.6271993189054754,4556.051909741568,"('nveh', 'nfem', 'nmale')"
104,3.0,0.9681299205995378,1.097198939383624,5135.075893040128,"('nveh', 'nfem', 'nchild')"
105,3.0,0.9450905295354273,-1.2640032010584505,8847.30453724998,"('nveh', 'nfem', 'n65+')"
106,3.0,0.9776785390080499,-3.0855565848054027,3596.5519507157273,"('nveh', 'nmale', 'nchild')"
107,3.0,0.972896657919425,-3.689672180651719,4367.0339439681775,"('nveh', 'nmale', 'n65+')"
108,3.0,0.9090716069441951,-2.96311992313489,14650.86400653799,"('nveh', 'nchild', 'n65+')"
109,3.0,0.9716087977160752,-0.8746503404390538,4574.540797049067,"('nlic', 'nstud', 'nfem')"
110,3.0,0.9801537394623441,-2.852518080678223,3197.734551374602,"('nlic', 'nstud', 'nmale')"
111,3.0,0.9610012869222357,-2.5051193057048238,6283.67908560374,"('nlic', 'nstud', 'nchild')"
112,3.0,0.9608764365738235,-2.423251130525074,6303.79563461871,"('nlic', 'nstud', 'n65+')"
113,3.0,0.9765541430062723,-3.2657807556009715,3777.720586363234,"('nlic', 'nfem', 'nmale')"
114,3.0,0.9735369227244106,-0.25652100357199714,4263.871089432099,"('nlic', 'nfem', 'nchild')"
115,3.0,0.9690190811648582,-1.7957539028969265,4991.809636102176,"('nlic', 'nfem', 'n65+')"
116,3.0,0.9793157200006529,-2.911686422405424,3332.760682987117,"('nlic', 'nmale', 'nchild')"
117,3.0,0.9776790260822,-3.314736936384449,3596.4734707503894,"('nlic', 'nmale', 'n65+')"
118,3.0,0.9611734772487486,-2.5075797426137285,6255.934868729342,"('nlic', 'nchild', 'n65+')"
119,3.0,0.9810366158206018,-1.579135795984378,3055.480839143241,"('nstud', 'nfem', 'nmale')"
120,3.0,0.9680701743195451,2.202944636571381,5144.702529931521,"('nstud', 'nfem', 'nchild')"
121,3.0,0.9526878343728933,2.890835600093176,7623.186566512085,"('nstud', 'nfem', 'n65+')"
122,3.0,0.9777965323544461,-2.569744415512446,3577.5402381622594,"('nstud', 'nmale', 'nchild')"
123,3.0,0.9771373117478453,-2.663853812072908,3683.7573517945943,"('nstud', 'nmale', 'n65+')"
124,3.0,0.8365543084577852,1.9606278562350852,26335.234999368247,"('nstud', 'nchild', 'n65+')"
125,3.0,0.9840352573935208,-1.2725350413512189,2572.3238360031255,"('nfem', 'nmale', 'nchild')"
126,3.0,0.9730909867589884,-2.807438952069063,4335.722652683809,"('nfem', 'nmale', 'n65+')"
127,3.0,0.9708501196870011,2.242634882426657,4696.7830170549905,"('nfem', 'nchild', 'n65+')"
128,3.0,0.9772323282704951,-2.7095144515150906,3668.4477867079386,"('nmale', 'nchild', 'n65+')"
129,4.0,0.9869193831255031,0.26718030868089926,2060.782270632961,"('dwtype', 'npers', 'nveh', 'nlic')"
130,4.0,0.9876104559564131,0.15965656888901947,1951.9073871836788,"('dwtype', 'npers', 'nveh', 'nstud')"
131,4.0,0.9880978869797201,-0.46311656028742476,1875.1151975931327,"('dwtype', 'npers', 'nveh', 'nfem')"
132,4.0,0.9879187854599104,-0.41757041356817837,1903.3316984056419,"('dwtype', 'npers', 'nveh', 'nmale')"
133,4.0,0.9879310278787421,0.08622244140264002,1901.4029698204295,"('dwtype', 'npers', 'nveh', 'nchild')"
134,4.0,0.9925276759186665,0.7227471667028809,1177.2252895242634,"('dwtype', 'npers', 'nveh', 'n65+')"
135,4.0,0.9872583435300584,0.23292707666220736,2007.3808447785098,"('dwtype', 'npers', 'nlic', 'nstud')"
136,4.0,0.9876024167266425,-0.2889522386653951,1953.1739254777026,"('dwtype', 'npers', 'nlic', 'nfem')"
137,4.0,0.9874340947799128,-0.24386539840218546,1979.692161345849,"('dwtype', 'npers', 'nlic', 'nmale')"
138,4.0,0.9877091489138174,0.20697692467863504,1936.3588317289664,"('dwtype', 'npers', 'nlic', 'nchild')"
139,4.0,0.9922756356724489,0.8721879415778702,1216.9329023895298,"('dwtype', 'npers', 'nlic', 'n65+')"
140,4.0,0.9877012232075311,0.005316297962330907,1937.6074849961428,"('dwtype', 'npers', 'nstud', 'nfem')"
141,4.0,0.9875334647779896,0.041881408470750614,1964.036941700294,"('dwtype', 'npers', 'nstud', 'nmale')"
142,4.0,0.9882551676920887,0.2299302485809065,1850.3364500255507,"('dwtype', 'npers', 'nstud', 'nchild')"
143,4.0,0.9933749020836812,0.9165059922832128,1043.749271013066,"('dwtype', 'npers', 'nstud', 'n65+')"
144,4.0,0.987322543423269,0.16810114226971962,1997.2664898536277,"('dwtype', 'npers', 'nfem', 'nmale')"
145,4.0,0.9881039813172139,-0.07544760982240462,1874.155066830277,"('dwtype', 'npers', 'nfem', 'nchild')"
146,4.0,0.9923616623252345,0.7538274016209172,1203.3798564924361,"('dwtype', 'npers', 'nfem', 'n65+')"
147,4.0,0.987985068161231,-0.030831946211769434,1892.8892080367184,"('dwtype', 'npers', 'nmale', 'nchild')"
148,4.0,0.9923457127337211,0.7619248251622395,1205.8926306016049,"('dwtype', 'npers', 'nmale', 'n65+')"
149,4.0,0.9929804580895398,0.6959701446871875,1105.8918440800196,"('dwtype', 'npers', 'nchild', 'n65+')"
150,4.0,0.9838399642959057,0.7162112870469741,2545.9284826790167,"('dwtype', 'nveh', 'nlic', 'nstud')"
151,4.0,0.9846718285752317,0.8887863390034028,2414.8726483207392,"('dwtype', 'nveh', 'nlic', 'nfem')"
152,4.0,0.9880455596915554,-0.4775088192105841,1883.3590861462985,"('dwtype', 'nveh', 'nlic', 'nmale')"
153,4.0,0.9841778127974422,0.645290912739064,2492.7022312868503,"('dwtype', 'nveh', 'nlic', 'nchild')"
154,4.0,0.9823437335829385,1.4257364979347358,2781.6517483050297,"('dwtype', 'nveh', 'nlic', 'n65+')"
155,4.0,0.9846176373560324,0.9299318789683682,2423.4101893879033,"('dwtype', 'nveh', 'nstud', 'nfem')"
156,4.0,0.9879806463821624,-0.6094875112981768,1893.5858360319355,"('dwtype', 'nveh', 'nstud', 'nmale')"
157,4.0,0.9842288337065681,0.7185632210723654,2484.664155868315,"('dwtype', 'nveh', 'nstud', 'nchild')"
158,4.0,0.9861651438444939,1.2582224645244935,2179.6086954898215,"('dwtype', 'nveh', 'nstud', 'n65+')"
159,4.0,0.9878975275155026,-0.43478614117634606,1906.680775545187,"('dwtype', 'nveh', 'nfem', 'nmale')"
160,4.0,0.9845945787624848,0.9604827387149868,2427.0429493123584,"('dwtype', 'nveh', 'nfem', 'nchild')"
161,4.0,0.9895937325244761,1.8000287336907803,1639.4526131894336,"('dwtype', 'nveh', 'nfem', 'n65+')"
162,4.0,0.9878748596651304,-0.5506145807800706,1910.2519759410634,"('dwtype', 'nveh', 'nmale', 'nchild')"
163,4.0,0.9910561758454098,-0.2185058041824206,1409.0523731624123,"('dwtype', 'nveh', 'nmale', 'n65+')"
164,4.0,0.9876387712612811,1.2933318747530862,1947.4464600867914,"('dwtype', 'nveh', 'nchild', 'n65+')"
165,4.0,0.9844910988556193,0.8801298628959202,2443.34566343366,"('dwtype', 'nlic', 'nstud', 'nfem')"
166,4.0,0.9873576101038899,-0.43169422442678496,1991.7419190778712,"('dwtype', 'nlic', 'nstud', 'nmale')"
167,4.0,0.9840546762323861,0.6444361267754672,2512.1017483408978,"('dwtype', 'nlic', 'nstud', 'nchild')"
168,4.0,0.9858314128787953,1.2274999191896612,2232.1862508047984,"('dwtype', 'nlic', 'nstud', 'n65+')"
169,4.0,0.9874018381756454,-0.2588312819568941,1984.7740193975599,"('dwtype', 'nlic', 'nfem', 'nmale')"
170,4.0,0.984479013937872,0.8974632960771629,2445.2495785528563,"('dwtype', 'nlic', 'nfem', 'nchild')"
171,4.0,0.9894232424689314,1.7976126076804775,1666.31242317829,"('dwtype', 'nlic', 'nfem', 'n65+')"
172,4.0,0.987297977327004,-0.3929700803951164,2001.13674888858,"('dwtype', 'nlic', 'nmale', 'nchild')"
173,4.0,0.9904471894170712,-0.03062437335287882,1504.9949763758002,"('dwtype', 'nlic', 'nmale', 'n65+')"
174,4.0,0.9873752807168862,1.2158588187533255,1988.9580071016069,"('dwtype', 'nlic', 'nchild', 'n65+')"
175,4.0,0.987438811131586,0.024588174131771723,1978.949124988803,"('dwtype', 'nstud', 'nfem', 'nmale')"
176,4.0,0.9825087650717916,2.0963284041240016,2755.651906738868,"('dwtype', 'nstud', 'nfem', 'nchild')"
177,4.0,0.9884375408157398,2.7276152985552713,1821.6045252649576,"('dwtype', 'nstud', 'nfem', 'n65+')"
178,4.0,0.9868178407628841,-0.13833113399032015,2076.7797348665713,"('dwtype', 'nstud', 'nmale', 'nchild')"
179,4.0,0.9901996006000373,0.2462389128271667,1544.001290026455,"('dwtype', 'nstud', 'nmale', 'n65+')"
180,4.0,0.9843222927074596,2.644867540861199,2469.9401826859907,"('dwtype', 'nstud', 'nchild', 'n65+')"
181,4.0,0.9878362108927208,-0.04747875794731016,1916.3408864051137,"('dwtype', 'nfem', 'nmale', 'nchild')"
182,4.0,0.9923051797246798,0.7485794848187126,1212.278392619511,"('dwtype', 'nfem', 'nmale', 'n65+')"
183,4.0,0.9885624531077001,2.701622144634534,1801.9252517929338,"('dwtype', 'nfem', 'nchild', 'n65+')"
184,4.0,0.9904333814308863,0.3938275412941792,1507.1703518489828,"('dwtype', 'nmale', 'nchild', 'n65+')"
185,4.0,0.9821630788477662,-1.0122889454228883,2810.1129500144716,"('npers', 'nveh', 'nlic', 'nstud')"
186,4.0,0.9785617325445218,-2.1690750189368444,3377.486085650394,"('npers', 'nveh', 'nlic', 'nfem')"
187,4.0,0.9784118744384254,-2.1389541675346493,3401.0954407073623,"('npers', 'nveh', 'nlic', 'nmale')"
188,4.0,0.9840207221877539,-0.852890977614642,2517.4510291787965,"('npers', 'nveh', 'nlic', 'nchild')"
189,4.0,0.9805046754127127,-1.172251194455903,3071.3856735645586,"('npers', 'nveh', 'nlic', 'n65+')"
190,4.0,0.9817915075989971,-2.0459708234185783,2868.6520425577855,"('npers', 'nveh', 'nstud', 'nfem')"
191,4.0,0.9815963717494535,-2.0136545092259155,2899.394667539724,"('npers', 'nveh', 'nstud', 'nmale')"
192,4.0,0.9863945934203502,-0.6538930603868707,2143.460123716365,"('npers', 'nveh', 'nstud', 'nchild')"
193,4.0,0.9856031572400823,-0.736207842246202,2268.146724071842,"('npers', 'nveh', 'nstud', 'n65+')"
194,4.0,0.9711544492260601,-3.5920266074981484,4544.464545664992,"('npers', 'nveh', 'nfem', 'nmale')"
195,4.0,0.9840409650906502,-1.212375575700129,2514.2618664813876,"('npers', 'nveh', 'nfem', 'nchild')"
196,4.0,0.9726889184776928,-3.2919530592293853,4302.716999739908,"('npers', 'nveh', 'nfem', 'n65+')"
197,4.0,0.9839676024423851,-1.1602536220732063,2525.819765189218,"('npers', 'nveh', 'nmale', 'nchild')"
198,4.0,0.9731211857002372,-3.2811491427387125,4234.615576317593,"('npers', 'nveh', 'nmale', 'n65+')"
199,4.0,0.9875414380433146,-0.5750226114074977,1962.7807957571738,"('npers', 'nveh', 'nchild', 'n65+')"
200,4.0,0.9829631787801835,-1.9447270289400436,2684.0614211546103,"('npers', 'nlic', 'nstud', 'nfem')"
201,4.0,0.9827479594217142,-1.903047347579978,2717.968097153626,"('npers', 'nlic', 'nstud', 'nmale')"
202,4.0,0.986396295539649,-0.6532167911599984,2143.1919637887786,"('npers', 'nlic', 'nstud', 'nchild')"
203,4.0,0.9866649852643642,-0.9373423281502937,2100.8613133074746,"('npers', 'nlic', 'nstud', 'n65+')"
204,4.0,0.9761446202483749,-3.2939492194275104,3758.2893928507024,"('npers', 'nlic', 'nfem', 'nmale')"
205,4.0,0.9840613631961895,-1.355668785949831,2511.0482524253343,"('npers', 'nlic', 'nfem', 'nchild')"
206,4.0,0.9778493979124493,-3.047139899591663,3489.710653850646,"('npers', 'nlic', 'nfem', 'n65+')"
207,4.0,0.9839822941406718,-1.3031511761195773,2523.5051655304114,"('npers', 'nlic', 'nmale', 'nchild')"
208,4.0,0.9778885496656267,-3.0322023472210375,3483.5425014166854,"('npers', 'nlic', 'nmale', 'n65+')"
209,4.0,0.9873418777814739,-0.791530734534156,1994.2204635855267,"('npers', 'nlic', 'nchild', 'n65+')"
210,4.0,0.981035632606527,-1.51341097394684,2987.7361651372808,"('npers', 'nstud', 'nfem', 'nmale')"
211,4.0,0.9865984570889617,-0.9048876502723786,2111.3424768246505,"('npers', 'nstud', 'nfem', 'nchild')"
212,4.0,0.9860289448547772,-0.9635844258001711,2201.06612872706,"('npers', 'nstud', 'nfem', 'n65+')"
213,4.0,0.9865062065630218,-0.8378618886506715,2125.876061145445,"('npers', 'nstud', 'nmale', 'nchild')"
214,4.0,0.9860183608087335,-0.9654265948739038,2202.7335894169896,"('npers', 'nstud', 'nmale', 'n65+')"
215,4.0,0.9911984708698914,-0.4487678622191993,1386.6345417662064,"('npers', 'nstud', 'nchild', 'n65+')"
216,4.0,0.9844041000541018,-1.1728111795633183,2457.0518662414956,"('npers', 'nfem', 'nmale', 'nchild')"
217,4.0,0.9730900388650614,-2.7390780061769746,4239.5225960959315,"('npers', 'nfem', 'nmale', 'n65+')"
218,4.0,0.9873131691227565,-0.9026832310088011,1998.743361508948,"('npers', 'nfem', 'nchild', 'n65+')"
219,4.0,0.9873119574076932,-0.8792724218943206,1998.9342608329623,"('npers', 'nmale', 'nchild', 'n65+')"
220,4.0,0.9750451321911415,-0.15598741082417433,3931.507943386892,"('nveh', 'nlic', 'nstud', 'nfem')"
221,4.0,0.9801644852168079,-2.4400926180028577,3124.980846566728,"('nveh', 'nlic', 'nstud', 'nmale')"
222,4.0,0.9685289529425835,-1.1495783452041053,4958.09765215483,"('nveh', 'nlic', 'nstud', 'nchild')"
223,4.0,0.9679446057169151,-1.035088860542679,5050.15847880428,"('nveh', 'nlic', 'nstud', 'n65+')"
224,4.0,0.9783755747367586,-2.154447909483231,3406.8142674524547,"('nveh', 'nlic', 'nfem', 'nmale')"
225,4.0,0.9761725325819576,0.24983614610213323,3753.8919517566806,"('nveh', 'nlic', 'nfem', 'nchild')"
226,4.0,0.976007936690378,-0.2255916791539292,3779.8231672674483,"('nveh', 'nlic', 'nfem', 'n65+')"
227,4.0,0.9795220411708144,-2.4131543506187967,3226.1945211632406,"('nveh', 'nlic', 'nmale', 'nchild')"
228,4.0,0.9794661987988381,-2.320862690925779,3234.9921926510024,"('nveh', 'nlic', 'nmale', 'n65+')"
229,4.0,0.9686419203901027,-1.0918512449697388,4940.300225990635,"('nveh', 'nlic', 'nchild', 'n65+')"
230,4.0,0.9814083722964251,-2.0424955753766554,2929.012990850184,"('nveh', 'nstud', 'nfem', 'nmale')"
231,4.0,0.9685357638042839,1.3284213722749598,4957.02463677838,"('nveh', 'nstud', 'nfem', 'nchild')"
232,4.0,0.9585443565895367,0.8146847491157772,6531.118201659834,"('nveh', 'nstud', 'nfem', 'n65+')"
233,4.0,0.9785025295024741,-3.0386903283386673,3386.813213001537,"('nveh', 'nstud', 'nmale', 'nchild')"
234,4.0,0.9782751660602312,-3.180290387829423,3422.6331254154384,"('nveh', 'nstud', 'nmale', 'n65+')"
235,4.0,0.9098301608560647,-3.0340124203145535,14205.783078620778,"('nveh', 'nstud', 'nchild', 'n65+')"
236,4.0,0.983680483924071,-1.2116142296231587,2571.0537750061144,"('nveh', 'nfem', 'nmale', 'nchild')"
237,4.0,0.9731989005496049,-3.249986491722396,4222.372011256514,"('nveh', 'nfem', 'nmale', 'n65+')"
238,4.0,0.9704847872921449,1.7491061450391427,4649.966255100495,"('nveh', 'nfem', 'nchild', 'n65+')"
239,4.0,0.9774881865454379,-3.0971785570958446,3546.617601606229,"('nveh', 'nmale', 'nchild', 'n65+')"
240,4.0,0.9825387481252565,-1.9391809268296356,2750.9282346373993,"('nlic', 'nstud', 'nfem', 'nmale')"
241,4.0,0.9740178179667467,0.05852734571622875,4093.355886822125,"('nlic', 'nstud', 'nfem', 'nchild')"
242,4.0,0.9735533033290812,-0.30467589500168657,4166.537720594578,"('nlic', 'nstud', 'nfem', 'n65+')"
243,4.0,0.9800180727575637,-2.7892854600589985,3148.047358116219,"('nlic', 'nstud', 'nmale', 'nchild')"
244,4.0,0.9805406547992619,-2.858501176145957,3065.717310778599,"('nlic', 'nstud', 'nmale', 'n65+')"
245,4.0,0.960296469567711,-2.498007070429111,6255.082033319227,"('nlic', 'nstud', 'nchild', 'n65+')"
246,4.0,0.983698037614055,-1.3520859440634823,2568.2882836344274,"('nlic', 'nfem', 'nmale', 'nchild')"
247,4.0,0.9778894013942064,-3.0251517495423883,3483.408316066438,"('nlic', 'nfem', 'nmale', 'n65+')"
248,4.0,0.9752286856106265,0.24304900459481615,3902.590069236273,"('nlic', 'nfem', 'nchild', 'n65+')"
249,4.0,0.9793371448272278,-2.943379665609328,3255.3239659305827,"('nlic', 'nmale', 'nchild', 'n65+')"
250,4.0,0.9860689545591989,-0.9086922551126122,2194.762810594832,"('nstud', 'nfem', 'nmale', 'nchild')"
251,4.0,0.9859238034757122,-0.9835726146300843,2217.630599039567,"('nstud', 'nfem', 'nmale', 'n65+')"
252,4.0,0.9718402757785911,2.743874884643091,4436.416185733223,"('nstud', 'nfem', 'nchild', 'n65+')"
253,4.0,0.9777509559954131,-2.586763883397353,3505.219659218024,"('nstud', 'nmale', 'nchild', 'n65+')"
254,4.0,0.9871234742251053,-0.910016148948479,2028.6287931869417,"('nfem', 'nmale', 'nchild', 'n65+')"
255,5.0,0.9873511192208643,0.1969142022492818,1947.4744206932053,"('dwtype', 'npers', 'nveh', 'nlic', 'nstud')"
256,5.0,0.9879879735723552,-0.44446490751776224,1849.4216695532239,"('dwtype', 'npers', 'nveh', 'nlic', 'nfem')"
257,5.0,0.9878066150861008,-0.4067303471650874,1877.3443782199736,"('dwtype', 'npers', 'nveh', 'nlic', 'nmale')"
258,5.0,0.9878446138300646,0.16875107035041026,1871.4939331742805,"('dwtype', 'npers', 'nveh', 'nlic', 'nchild')"
259,5.0,0.9925639292086275,0.8439855116838828,1144.8884616376142,"('dwtype', 'npers', 'nveh', 'nlic', 'n65+')"
260,5.0,0.9883520632473474,-0.4898499033796284,1793.3649052223673,"('dwtype', 'npers', 'nveh', 'nstud', 'nfem')"
261,5.0,0.9881569608162598,-0.4341888524598758,1823.4036889370661,"('dwtype', 'npers', 'nveh', 'nstud', 'nmale')"
262,5.0,0.9882369943329551,0.013741800503304091,1811.0813950295149,"('dwtype', 'npers', 'nveh', 'nstud', 'nchild')"
263,5.0,0.9934702064363514,0.6274126169814096,1005.3542411901707,"('dwtype', 'npers', 'nveh', 'nstud', 'n65+')"
264,5.0,0.9882847306940763,-0.3761482807141405,1803.7317058480105,"('dwtype', 'npers', 'nveh', 'nfem', 'nmale')"
265,5.0,0.988213862959357,-0.3925054748596821,1814.6427977484154,"('dwtype', 'npers', 'nveh', 'nfem', 'nchild')"
266,5.0,0.9925351553332898,0.4092248481894174,1149.3186074491357,"('dwtype', 'npers', 'nveh', 'nfem', 'n65+')"
267,5.0,0.9880669586826099,-0.3340300080316325,1837.2607926723153,"('dwtype', 'npers', 'nveh', 'nmale', 'nchild')"
268,5.0,0.9925073090970572,0.43400438547413245,1153.605930076499,"('dwtype', 'npers', 'nveh', 'nmale', 'n65+')"
269,5.0,0.9928735966373206,0.5878005875096548,1097.2107732450993,"('dwtype', 'npers', 'nveh', 'nchild', 'n65+')"
270,5.0,0.9878436786939517,-0.30666270964189124,1871.637910629008,"('dwtype', 'npers', 'nlic', 'nstud', 'nfem')"
271,5.0,0.987661440927213,-0.2533422705969812,1899.6959969850027,"('dwtype', 'npers', 'nlic', 'nstud', 'nmale')"
272,5.0,0.9880122334543849,0.1500156954442602,1845.6865169712148,"('dwtype', 'npers', 'nlic', 'nstud', 'nchild')"
273,5.0,0.9932470874642096,0.8142535138567268,1039.706568372674,"('dwtype', 'npers', 'nlic', 'nstud', 'n65+')"
274,5.0,0.9878110970645404,-0.22222651978814412,1876.6543141330815,"('dwtype', 'npers', 'nlic', 'nfem', 'nmale')"
275,5.0,0.9878875282977655,-0.19301841155680677,1864.8866428072888,"('dwtype', 'npers', 'nlic', 'nfem', 'nchild')"
276,5.0,0.9922519250315315,0.6095747703463914,1192.9259255566221,"('dwtype', 'npers', 'nlic', 'nfem', 'n65+')"
277,5.0,0.987758572866042,-0.13802729463412078,1884.7411587187203,"('dwtype', 'npers', 'nlic', 'nmale', 'nchild')"
278,5.0,0.9922301672603693,0.6300112597149266,1196.275842717657,"('dwtype', 'npers', 'nlic', 'nmale', 'n65+')"
279,5.0,0.9928461372938477,0.7813069244321937,1101.4385282501019,"('dwtype', 'npers', 'nlic', 'nchild', 'n65+')"
280,5.0,0.9878343094675661,0.13821918401973932,1873.0804357856755,"('dwtype', 'npers', 'nstud', 'nfem', 'nmale')"
281,5.0,0.9883614242482466,-0.12116084217992551,1791.9236464958622,"('dwtype', 'npers', 'nstud', 'nfem', 'nchild')"
282,5.0,0.9932986579809722,0.7129085698316047,1031.7665566032065,"('dwtype', 'npers', 'nstud', 'nfem', 'n65+')"
283,5.0,0.9882354734005574,-0.0662932072757556,1811.3155641225756,"('dwtype', 'npers', 'nstud', 'nmale', 'nchild')"
284,5.0,0.9932780950304615,0.738339462906815,1034.9325141952443,"('dwtype', 'npers', 'nstud', 'nmale', 'n65+')"
285,5.0,0.9938259709566369,0.602217813214402,950.5792523872807,"('dwtype', 'npers', 'nstud', 'nchild', 'n65+')"
286,5.0,0.9883518116742496,0.06276896290800948,1793.4036384653232,"('dwtype', 'npers', 'nfem', 'nmale', 'nchild')"
287,5.0,0.992201867310316,0.7765711680395739,1200.6330210165008,"('dwtype', 'npers', 'nfem', 'nmale', 'n65+')"
288,5.0,0.9928306411487186,0.6223782007470007,1103.8243793610316,"('dwtype', 'npers', 'nfem', 'nchild', 'n65+')"
289,5.0,0.9928226241980537,0.6483537294448141,1105.0587025097836,"('dwtype', 'npers', 'nmale', 'nchild', 'n65+')"
290,5.0,0.9843343595335449,0.85143304246958,2411.9473196807303,"('dwtype', 'nveh', 'nlic', 'nstud', 'nfem')"
291,5.0,0.9879627397287326,-0.5879045634703957,1853.3067773227344,"('dwtype', 'nveh', 'nlic', 'nstud', 'nmale')"
292,5.0,0.9839733375272653,0.620012629717074,2467.531772946866,"('dwtype', 'nveh', 'nlic', 'nstud', 'nchild')"
293,5.0,0.9858734389024559,1.2049303778099087,2174.9842432862742,"('dwtype', 'nveh', 'nlic', 'nstud', 'n65+')"
294,5.0,0.9877921598904422,-0.4218221609349726,1879.5699604104232,"('dwtype', 'nveh', 'nlic', 'nfem', 'nmale')"
295,5.0,0.9843210612666227,0.8589623817703185,2413.994776299465,"('dwtype', 'nveh', 'nlic', 'nfem', 'nchild')"
296,5.0,0.9893572084331252,1.7743972456302686,1638.608561750882,"('dwtype', 'nveh', 'nlic', 'nfem', 'n65+')"
297,5.0,0.9878486095165098,-0.5382105580045149,1870.878740630291,"('dwtype', 'nveh', 'nlic', 'nmale', 'nchild')"
298,5.0,0.991363229886915,-0.14109277171953494,1329.753135185284,"('dwtype', 'nveh', 'nlic', 'nmale', 'n65+')"
299,5.0,0.9874494861218588,1.1927241092235974,1932.3294425030958,"('dwtype', 'nveh', 'nlic', 'nchild', 'n65+')"
300,5.0,0.9880687252902349,-0.45460253139214757,1836.9887983969954,"('dwtype', 'nveh', 'nstud', 'nfem', 'nmale')"
301,5.0,0.9842602438697918,0.9241707904350633,2423.358476276514,"('dwtype', 'nveh', 'nstud', 'nfem', 'nchild')"
302,5.0,0.989372090328507,1.8495390131444722,1636.3172830920273,"('dwtype', 'nveh', 'nstud', 'nfem', 'n65+')"
303,5.0,0.987703934630615,-0.6041794767635835,1893.1534892437394,"('dwtype', 'nveh', 'nstud', 'nmale', 'nchild')"
304,5.0,0.9908516698583052,-0.20039977996366787,1408.515049995144,"('dwtype', 'nveh', 'nstud', 'nmale', 'n65+')"
305,5.0,0.9875812460291169,1.242567947540337,1912.0431378458813,"('dwtype', 'nveh', 'nstud', 'nchild', 'n65+')"
306,5.0,0.9879559007446245,-0.36562117317723875,1854.3597358292657,"('dwtype', 'nveh', 'nfem', 'nmale', 'nchild')"
307,5.0,0.992451930885746,0.4247018958394122,1162.1321903738003,"('dwtype', 'nveh', 'nfem', 'nmale', 'n65+')"
308,5.0,0.9893527858816941,1.788177149210938,1639.2894762078115,"('dwtype', 'nveh', 'nfem', 'nchild', 'n65+')"
309,5.0,0.9912332266921617,-0.019973495387347384,1349.7689690611003,"('dwtype', 'nveh', 'nmale', 'nchild', 'n65+')"
310,5.0,0.9875607804320403,-0.2706923552012981,1915.194106497307,"('dwtype', 'nlic', 'nstud', 'nfem', 'nmale')"
311,5.0,0.9841306244211664,0.8752913330732781,2443.3152269985417,"('dwtype', 'nlic', 'nstud', 'nfem', 'nchild')"
312,5.0,0.9892056630065869,1.8516371663755535,1661.9411274465747,"('dwtype', 'nlic', 'nstud', 'nfem', 'n65+')"
313,5.0,0.9870649176679678,-0.42889937503778697,1991.5392050137102,"('dwtype', 'nlic', 'nstud', 'nmale', 'nchild')"
314,5.0,0.9902444195502027,0.007560528666381572,1502.009839189359,"('dwtype', 'nlic', 'nstud', 'nmale', 'n65+')"
315,5.0,0.9872855619035656,1.189422264552178,1957.5678985872507,"('dwtype', 'nlic', 'nstud', 'nchild', 'n65+')"
316,5.0,0.9876186384258133,-0.16630681471415443,1906.2860485534457,"('dwtype', 'nlic', 'nfem', 'nmale', 'nchild')"
317,5.0,0.9921785317341244,0.6262935177881346,1204.2258636180397,"('dwtype', 'nlic', 'nfem', 'nmale', 'n65+')"
318,5.0,0.9891772791168928,1.7965131862322323,1666.3112294424966,"('dwtype', 'nlic', 'nfem', 'nchild', 'n65+')"
319,5.0,0.9906216407289317,0.14830413929862374,1443.9312937950249,"('dwtype', 'nlic', 'nmale', 'nchild', 'n65+')"
320,5.0,0.9880018206730682,-0.08414169783491587,1847.289712195912,"('dwtype', 'nstud', 'nfem', 'nmale', 'nchild')"
321,5.0,0.9931616636984533,0.7174225933703227,1052.8587674988114,"('dwtype', 'nstud', 'nfem', 'nmale', 'n65+')"
322,5.0,0.9882991092550564,2.720687648425134,1801.5179226521402,"('dwtype', 'nstud', 'nfem', 'nchild', 'n65+')"
323,5.0,0.9902240443139264,0.3839134116742642,1505.1468955152159,"('dwtype', 'nstud', 'nmale', 'nchild', 'n65+')"
324,5.0,0.9927121475477962,0.6346450962342232,1122.0681481846293,"('dwtype', 'nfem', 'nmale', 'nchild', 'n65+')"
325,5.0,0.9828447961081682,-1.6564735105185022,2641.2867149659132,"('npers', 'nveh', 'nlic', 'nstud', 'nfem')"
326,5.0,0.982637209106354,-1.6033114841582474,2673.247675240616,"('npers', 'nveh', 'nlic', 'nstud', 'nmale')"
327,5.0,0.986079939564739,-0.6541750198420786,2143.1905403749606,"('npers', 'nveh', 'nlic', 'nstud', 'nchild')"
328,5.0,0.9870203517180088,-0.605900956263774,1998.4007644745554,"('npers', 'nveh', 'nlic', 'nstud', 'n65+')"
329,5.0,0.9782815150686219,-2.123815599145054,3343.8684891265025,"('npers', 'nveh', 'nlic', 'nfem', 'nmale')"
330,5.0,0.9838544523756121,-1.1678885075904901,2485.835826553488,"('npers', 'nveh', 'nlic', 'nfem', 'nchild')"
331,5.0,0.9806577060565544,-1.682551401687526,2978.0202177668943,"('npers', 'nveh', 'nlic', 'nfem', 'n65+')"
332,5.0,0.9837785769894571,-1.1073736906277318,2497.5179173469046,"('npers', 'nveh', 'nlic', 'nmale', 'nchild')"
333,5.0,0.9806292294853486,-1.6695820784386655,2982.404589394767,"('npers', 'nveh', 'nlic', 'nmale', 'n65+')"
334,5.0,0.9874031471142312,-0.5665490758150469,1939.463989314832,"('npers', 'nveh', 'nlic', 'nchild', 'n65+')"
335,5.0,0.9816127205689427,-2.020276326630942,2830.982201776199,"('npers', 'nveh', 'nstud', 'nfem', 'nmale')"
336,5.0,0.9862997001569738,-0.9789524841067916,2109.355283364737,"('npers', 'nveh', 'nstud', 'nfem', 'nchild')"
337,5.0,0.9859547643592927,-1.254125510259776,2162.4630368881385,"('npers', 'nveh', 'nstud', 'nfem', 'n65+')"
338,5.0,0.9862020992601362,-0.9014289655925722,2124.3823243612305,"('npers', 'nveh', 'nstud', 'nmale', 'nchild')"
339,5.0,0.9859252445982183,-1.2379166042912573,2167.0080223774676,"('npers', 'nveh', 'nstud', 'nmale', 'n65+')"
340,5.0,0.9910784242688069,-0.2712261112183256,1373.6029955658216,"('npers', 'nveh', 'nstud', 'nchild', 'n65+')"
341,5.0,0.9840435493853676,-1.141982135238976,2456.7216625449387,"('npers', 'nveh', 'nfem', 'nmale', 'nchild')"
342,5.0,0.972975773525271,-3.128017542947852,4160.762577932254,"('npers', 'nveh', 'nfem', 'nmale', 'n65+')"
343,5.0,0.9872530719374164,-0.5469849835196783,1962.5701892333116,"('npers', 'nveh', 'nfem', 'nchild', 'n65+')"
344,5.0,0.9872559931808836,-0.5254166041351738,1962.1204224097974,"('npers', 'nveh', 'nmale', 'nchild', 'n65+')"
345,5.0,0.9831261803235233,-1.895421171139624,2597.9636280178065,"('npers', 'nlic', 'nstud', 'nfem', 'nmale')"
346,5.0,0.9862950923270714,-0.9515522983911637,2110.064724067579,"('npers', 'nlic', 'nstud', 'nfem', 'nchild')"
347,5.0,0.9867644451312376,-1.29566359157716,2037.8012095041208,"('npers', 'nlic', 'nstud', 'nfem', 'n65+')"
348,5.0,0.9861990134627954,-0.8784177357686289,2124.857426585184,"('npers', 'nlic', 'nstud', 'nmale', 'nchild')"
349,5.0,0.9867114434204796,-1.2694700630342908,2045.9615738681052,"('npers', 'nlic', 'nstud', 'nmale', 'n65+')"
350,5.0,0.9911062388828342,-0.2737108285129537,1369.3205416249932,"('npers', 'nlic', 'nstud', 'nchild', 'n65+')"
351,5.0,0.9841205896506899,-1.3079371452028212,2444.8602220982734,"('npers', 'nlic', 'nfem', 'nmale', 'nchild')"
352,5.0,0.9773754823823572,-3.027260466245842,3483.365058951309,"('npers', 'nlic', 'nfem', 'nmale', 'n65+')"
353,5.0,0.9870480676107577,-0.8079562632503041,1994.1335100733509,"('npers', 'nlic', 'nfem', 'nchild', 'n65+')"
354,5.0,0.9870475518484586,-0.7867255497506775,1994.2129189872464,"('npers', 'nlic', 'nmale', 'nchild', 'n65+')"
355,5.0,0.9871162628505983,-0.7208714402801135,1983.6338866266879,"('npers', 'nstud', 'nfem', 'nmale', 'nchild')"
356,5.0,0.9857040706805832,-0.9630117726222025,2201.060880858785,"('npers', 'nstud', 'nfem', 'nmale', 'n65+')"
357,5.0,0.9910086165909103,-0.36648017239255637,1384.3508766981945,"('npers', 'nstud', 'nfem', 'nchild', 'n65+')"
358,5.0,0.9910310387278418,-0.31538509526985337,1380.8986710134352,"('npers', 'nstud', 'nmale', 'nchild', 'n65+')"
359,5.0,0.987095312534228,-0.8681519197410594,1986.8594846814785,"('npers', 'nfem', 'nmale', 'nchild', 'n65+')"
360,5.0,0.9824180874977241,-1.6435487563592233,2706.984551670985,"('nveh', 'nlic', 'nstud', 'nfem', 'nmale')"
361,5.0,0.9761355163167669,0.43033086652298635,3674.2754040980294,"('nveh', 'nlic', 'nstud', 'nfem', 'nchild')"
362,5.0,0.9779787630043537,0.5808000382885226,3390.4814591804557,"('nveh', 'nlic', 'nstud', 'nfem', 'n65+')"
363,5.0,0.9798991796132778,-2.4425836656775033,3094.8061114356465,"('nveh', 'nlic', 'nstud', 'nmale', 'nchild')"
364,5.0,0.9807030282178549,-2.386156607357229,2971.042228855147,"('nveh', 'nlic', 'nstud', 'nmale', 'n65+')"
365,5.0,0.9679407007107089,-1.1067448689762784,4935.983380776897,"('nveh', 'nlic', 'nstud', 'nchild', 'n65+')"
366,5.0,0.9834813092959853,-1.1622168989712236,2543.2864908075308,"('nveh', 'nlic', 'nfem', 'nmale', 'nchild')"
367,5.0,0.9805923515103678,-1.6744141262295926,2988.082476175149,"('nveh', 'nlic', 'nfem', 'nmale', 'n65+')"
368,5.0,0.9788145784772863,0.9042787559069083,3261.7958242711375,"('nveh', 'nlic', 'nfem', 'nchild', 'n65+')"
369,5.0,0.9797941310964928,-2.361957505679662,3110.9798190499664,"('nveh', 'nlic', 'nmale', 'nchild', 'n65+')"
370,5.0,0.9857562922696693,-0.9774871770309446,2193.0206272799073,"('nveh', 'nstud', 'nfem', 'nmale', 'nchild')"
371,5.0,0.9857959872748722,-1.2400950345147521,2186.9090187817537,"('nveh', 'nstud', 'nfem', 'nmale', 'n65+')"
372,5.0,0.9716988264166737,2.1318574461874817,4357.366678642418,"('nveh', 'nstud', 'nfem', 'nchild', 'n65+')"
373,5.0,0.9784453471724335,-3.050160306508104,3318.6442153719736,"('nveh', 'nstud', 'nmale', 'nchild', 'n65+')"
374,5.0,0.9870786222373116,-0.5422219122013274,1989.4291923802182,"('nveh', 'nfem', 'nmale', 'nchild', 'n65+')"
375,5.0,0.9857541682911976,-0.9567838339250869,2193.347643860772,"('nlic', 'nstud', 'nfem', 'nmale', 'nchild')"
376,5.0,0.9865216097554106,-1.2846357905193813,2075.189156399996,"('nlic', 'nstud', 'nfem', 'nmale', 'n65+')"
377,5.0,0.9764861730589276,0.7371354552089215,3620.2868301106882,"('nlic', 'nstud', 'nfem', 'nchild', 'n65+')"
378,5.0,0.9802124122776549,-2.8174580073658717,3046.5795044929805,"('nlic', 'nstud', 'nmale', 'nchild', 'n65+')"
379,5.0,0.9868665201062436,-0.7989061765315029,2022.085320779382,"('nlic', 'nfem', 'nmale', 'nchild', 'n65+')"
380,5.0,0.9906470622603356,-0.37502997131591087,1440.0172888321522,"('nstud', 'nfem', 'nmale', 'nchild', 'n65+')"
381,6.0,0.9883023023444456,-0.46970723297209815,1759.141968708805,"('dwtype', 'npers', 'nveh', 'nlic', 'nstud', 'nfem')"
382,6.0,0.988098185366661,-0.4226538556026114,1789.8378161071437,"('dwtype', 'npers', 'nveh', 'nlic', 'nstud', 'nmale')"
383,6.0,0.9882254314146528,0.10562753028722938,1770.7020964154726,"('dwtype', 'npers', 'nveh', 'nlic', 'nstud', 'nchild')"
384,6.0,0.99368025501742,0.7798629086886777,950.3860467033562,"('dwtype', 'npers', 'nveh', 'nlic', 'nstud', 'n65+')"
385,6.0,0.9880740932897086,-0.3718560670107749,1793.4608695428246,"('dwtype', 'npers', 'nveh', 'nlic', 'nfem', 'nmale')"
386,6.0,0.9882803031089826,-0.3482607809166183,1762.4502930921135,"('dwtype', 'npers', 'nveh', 'nlic', 'nfem', 'nchild')"
387,6.0,0.9927100664203479,0.4553363360714968,1096.2865075399195,"('dwtype', 'npers', 'nveh', 'nlic', 'nfem', 'n65+')"
388,6.0,0.988129290108674,-0.30023490292634847,1785.160172803987,"('dwtype', 'npers', 'nveh', 'nlic', 'nmale', 'nchild')"
389,6.0,0.9926895280881387,0.4685301556594794,1099.375136022228,"('dwtype', 'npers', 'nveh', 'nlic', 'nmale', 'n65+')"
390,6.0,0.9932462924689494,0.7449627786100379,1015.6469001072762,"('dwtype', 'npers', 'nveh', 'nlic', 'nchild', 'n65+')"
391,6.0,0.9887575899518607,-0.3891677889376197,1690.6741760182747,"('dwtype', 'npers', 'nveh', 'nstud', 'nfem', 'nmale')"
392,6.0,0.98844235060612,-0.42144305873677723,1738.0810059441294,"('dwtype', 'npers', 'nveh', 'nstud', 'nfem', 'nchild')"
393,6.0,0.9933950036228121,0.42273257834209943,993.2831803670437,"('dwtype', 'npers', 'nveh', 'nstud', 'nfem', 'n65+')"
394,6.0,0.9882877642163224,-0.3527671956610874,1761.3282648570737,"('dwtype', 'npers', 'nveh', 'nstud', 'nmale', 'nchild')"
395,6.0,0.9933681909473829,0.460122843456098,997.3153672152002,"('dwtype', 'npers', 'nveh', 'nstud', 'nmale', 'n65+')"
396,6.0,0.9937173573007876,0.5147170894283093,944.8064714972793,"('dwtype', 'npers', 'nveh', 'nstud', 'nchild', 'n65+')"
397,6.0,0.9885603112208106,-0.27819041485459906,1720.3416632061555,"('dwtype', 'npers', 'nveh', 'nfem', 'nmale', 'nchild')"
398,6.0,0.9924280405276438,0.4224499863457609,1138.6985785924403,"('dwtype', 'npers', 'nveh', 'nfem', 'nmale', 'n65+')"
399,6.0,0.9927292695355016,0.4744436494355355,1093.398673814724,"('dwtype', 'npers', 'nveh', 'nfem', 'nchild', 'n65+')"
400,6.0,0.9927163377130727,0.50815927661926,1095.3434079185224,"('dwtype', 'npers', 'nveh', 'nmale', 'nchild', 'n65+')"
401,6.0,0.9882628355443654,-0.23017311061381207,1765.0771284672367,"('dwtype', 'npers', 'nlic', 'nstud', 'nfem', 'nmale')"
402,6.0,0.9881216398113343,-0.2120142164597496,1786.310652113687,"('dwtype', 'npers', 'nlic', 'nstud', 'nfem', 'nchild')"
403,6.0,0.9931568675872141,0.6400592859012448,1029.094936390925,"('dwtype', 'npers', 'nlic', 'nstud', 'nfem', 'n65+')"
404,6.0,0.9879874517324025,-0.14837257422108507,1806.4903394589762,"('dwtype', 'npers', 'nlic', 'nstud', 'nmale', 'nchild')"
405,6.0,0.9931350195967136,0.6702611293793339,1032.3805160112513,"('dwtype', 'npers', 'nlic', 'nstud', 'nmale', 'n65+')"
406,6.0,0.9937494701033971,0.7322004892667948,939.9772324053793,"('dwtype', 'npers', 'nlic', 'nstud', 'nchild', 'n65+')"
407,6.0,0.9882227118989786,-0.10938227764668085,1771.1110669922402,"('dwtype', 'npers', 'nlic', 'nfem', 'nmale', 'nchild')"
408,6.0,0.9921175195412129,0.6108489756143172,1185.3958446254896,"('dwtype', 'npers', 'nlic', 'nfem', 'nmale', 'n65+')"
409,6.0,0.9926870755691339,0.7110631602260185,1099.7439546767446,"('dwtype', 'npers', 'nlic', 'nfem', 'nchild', 'n65+')"
410,6.0,0.9926804328435626,0.736498251552014,1100.7429117094619,"('dwtype', 'npers', 'nlic', 'nmale', 'nchild', 'n65+')"
411,6.0,0.9888420671041064,0.03619237896182881,1677.9701971424186,"('dwtype', 'npers', 'nstud', 'nfem', 'nmale', 'nchild')"
412,6.0,0.993238473750096,0.7646763255055333,1016.8227072516829,"('dwtype', 'npers', 'nstud', 'nfem', 'nmale', 'n65+')"
413,6.0,0.9936790707598099,0.5959887177955849,950.5641396345484,"('dwtype', 'npers', 'nstud', 'nfem', 'nchild', 'n65+')"
414,6.0,0.993681663762444,0.6350791536597526,950.1741945450776,"('dwtype', 'npers', 'nstud', 'nmale', 'nchild', 'n65+')"
415,6.0,0.9927680758404228,0.6667971154494055,1087.5628417008002,"('dwtype', 'npers', 'nfem', 'nmale', 'nchild', 'n65+')"
416,6.0,0.9880200171765038,-0.44095737732039453,1801.5930305068505,"('dwtype', 'nveh', 'nlic', 'nstud', 'nfem', 'nmale')"
417,6.0,0.9839639864463983,0.8337136290909086,2411.5535623823394,"('dwtype', 'nveh', 'nlic', 'nstud', 'nfem', 'nchild')"
418,6.0,0.9891262993296702,1.82236546578212,1635.226329795895,"('dwtype', 'nveh', 'nlic', 'nstud', 'nfem', 'n65+')"
419,6.0,0.987679309312008,-0.5931019585167121,1852.8299081516395,"('dwtype', 'nveh', 'nlic', 'nstud', 'nmale', 'nchild')"
420,6.0,0.99115881200738,-0.15127304531419838,1329.5697417583112,"('dwtype', 'nveh', 'nlic', 'nstud', 'nmale', 'n65+')"
421,6.0,0.9873460928054317,1.1675420719545002,1902.9402083701266,"('dwtype', 'nveh', 'nlic', 'nstud', 'nchild', 'n65+')"
422,6.0,0.9880179002895977,-0.32914483798537475,1801.9113755956928,"('dwtype', 'nveh', 'nlic', 'nfem', 'nmale', 'nchild')"
423,6.0,0.9926561579542172,0.4645000546749998,1104.3934571321904,"('dwtype', 'nveh', 'nlic', 'nfem', 'nmale', 'n65+')"
424,6.0,0.98910546774603,1.7582462767440745,1638.3590584861943,"('dwtype', 'nveh', 'nlic', 'nfem', 'nchild', 'n65+')"
425,6.0,0.9913858550592826,0.002223866021715537,1295.4261886364854,"('dwtype', 'nveh', 'nlic', 'nmale', 'nchild', 'n65+')"
426,6.0,0.9880956440366594,-0.3883505463471124,1790.2199904797283,"('dwtype', 'nveh', 'nstud', 'nfem', 'nmale', 'nchild')"
427,6.0,0.9932335094374394,0.445918988372064,1017.569258495963,"('dwtype', 'nveh', 'nstud', 'nfem', 'nmale', 'n65+')"
428,6.0,0.9891226053622064,1.8314292776084926,1635.7818419477583,"('dwtype', 'nveh', 'nstud', 'nfem', 'nchild', 'n65+')"
429,6.0,0.9911204668026105,-0.07040097435711345,1335.336231968194,"('dwtype', 'nveh', 'nstud', 'nmale', 'nchild', 'n65+')"
430,6.0,0.9926058273417937,0.49120157797694475,1111.9623561781548,"('dwtype', 'nveh', 'nfem', 'nmale', 'nchild', 'n65+')"
431,6.0,0.9877603176643742,-0.18015058858279076,1840.6475799140974,"('dwtype', 'nlic', 'nstud', 'nfem', 'nmale', 'nchild')"
432,6.0,0.9930091217569943,0.6638086213421133,1051.3134872796875,"('dwtype', 'nlic', 'nstud', 'nfem', 'nmale', 'n65+')"
433,6.0,0.9889499447203333,1.8395679581659579,1661.74717208427,"('dwtype', 'nlic', 'nstud', 'nfem', 'nchild', 'n65+')"
434,6.0,0.9904471073315816,0.11586723007849287,1436.5984581253115,"('dwtype', 'nlic', 'nstud', 'nmale', 'nchild', 'n65+')"
435,6.0,0.9925706608896151,0.7286281345353061,1117.2508141071717,"('dwtype', 'nlic', 'nfem', 'nmale', 'nchild', 'n65+')"
436,6.0,0.9934739872622275,0.6174359859391458,981.4053357664627,"('dwtype', 'nstud', 'nfem', 'nmale', 'nchild', 'n65+')"
437,6.0,0.9831247629178201,-1.5455619927852595,2537.7590238091316,"('npers', 'nveh', 'nlic', 'nstud', 'nfem', 'nmale')"
438,6.0,0.9859735733054633,-0.9795109939503917,2109.344641649291,"('npers', 'nveh', 'nlic', 'nstud', 'nfem', 'nchild')"
439,6.0,0.9869131468840002,-0.9115904234291534,1968.0481777327666,"('npers', 'nveh', 'nlic', 'nstud', 'nfem', 'n65+')"
440,6.0,0.985873587178839,-0.9016815867837877,2124.3809160352985,"('npers', 'nveh', 'nlic', 'nstud', 'nmale', 'nchild')"
441,6.0,0.9868683582159307,-0.876683641707821,1974.7836591962014,"('npers', 'nveh', 'nlic', 'nstud', 'nmale', 'n65+')"
442,6.0,0.9908948899769278,-0.26738998738357367,1369.2592887022,"('npers', 'nveh', 'nlic', 'nstud', 'nchild', 'n65+')"
443,6.0,0.9840025348538267,-1.0663146419894574,2405.7565138236696,"('npers', 'nveh', 'nlic', 'nfem', 'nmale', 'nchild')"
444,6.0,0.9802092806261071,-1.6793037456643773,2976.1997673980454,"('npers', 'nveh', 'nlic', 'nfem', 'nmale', 'n65+')"
445,6.0,0.9871090972476063,-0.5086767923417952,1938.5804552327322,"('npers', 'nveh', 'nlic', 'nfem', 'nchild', 'n65+')"
446,6.0,0.9871169062609182,-0.47795130575989475,1937.4061076426883,"('npers', 'nveh', 'nlic', 'nmale', 'nchild', 'n65+')"
447,6.0,0.9868489546307657,-0.8457794803904193,1977.701640324797,"('npers', 'nveh', 'nstud', 'nfem', 'nmale', 'nchild')"
448,6.0,0.9856318257256962,-1.2557920291132447,2160.737875427,"('npers', 'nveh', 'nstud', 'nfem', 'nmale', 'n65+')"
449,6.0,0.9908937569495305,-0.14448447958850608,1369.4296774491436,"('npers', 'nveh', 'nstud', 'nfem', 'nchild', 'n65+')"
450,6.0,0.9909207030332636,-0.09249171205631512,1365.3774281790422,"('npers', 'nveh', 'nstud', 'nmale', 'nchild', 'n65+')"
451,6.0,0.9870017326422872,-0.5371492464566501,1954.726331860099,"('npers', 'nveh', 'nfem', 'nmale', 'nchild', 'n65+')"
452,6.0,0.9868734313766263,-0.8420390238526068,1974.020738991185,"('npers', 'nlic', 'nstud', 'nfem', 'nmale', 'nchild')"
453,6.0,0.9865625979830616,-1.2954484305303424,2020.7649859358958,"('npers', 'nlic', 'nstud', 'nfem', 'nmale', 'n65+')"
454,6.0,0.9909164476693895,-0.1689292744146158,1366.017365148108,"('npers', 'nlic', 'nstud', 'nfem', 'nchild', 'n65+')"
455,6.0,0.990938990988708,-0.12451357127746121,1362.6272194720314,"('npers', 'nlic', 'nstud', 'nmale', 'nchild', 'n65+')"
456,6.0,0.986801652895957,-0.806712863099321,1984.8150458294342,"('npers', 'nlic', 'nfem', 'nmale', 'nchild', 'n65+')"
457,6.0,0.991127856864624,-0.2725949887859187,1334.224887785561,"('npers', 'nstud', 'nfem', 'nmale', 'nchild', 'n65+')"
458,6.0,0.9854172957895916,-0.9765568741146353,2192.999661058537,"('nveh', 'nlic', 'nstud', 'nfem', 'nmale', 'nchild')"
459,6.0,0.9866555705114761,-0.9020138797019399,2006.7834417477359,"('nveh', 'nlic', 'nstud', 'nfem', 'nmale', 'n65+')"
460,6.0,0.9793774097190117,1.2250660931890494,3101.2995150842357,"('nveh', 'nlic', 'nstud', 'nfem', 'nchild', 'n65+')"
461,6.0,0.9802764113910921,-2.3899153625346443,2966.104400809333,"('nveh', 'nlic', 'nstud', 'nmale', 'nchild', 'n65+')"
462,6.0,0.9869086647324822,-0.5033231029145995,1968.7222198458285,"('nveh', 'nlic', 'nfem', 'nmale', 'nchild', 'n65+')"
463,6.0,0.9905375813545249,-0.13978705283974335,1422.9926482023704,"('nveh', 'nstud', 'nfem', 'nmale', 'nchild', 'n65+')"
464,6.0,0.9905624134622885,-0.16822369736107845,1419.2583062639312,"('nlic', 'nstud', 'nfem', 'nmale', 'nchild', 'n65+')"
465,7.0,0.9885769540961087,-0.3844110828163636,1676.9379226431,"('dwtype', 'npers', 'nveh', 'nlic', 'nstud', 'nfem', 'nmale')"
466,7.0,0.9885879820322033,-0.3748050210228939,1675.3189880435834,"('dwtype', 'npers', 'nveh', 'nlic', 'nstud', 'nfem', 'nchild')"
467,7.0,0.9937273473837572,0.47775174962024636,920.8445047183562,"('dwtype', 'npers', 'nveh', 'nlic', 'nstud', 'nfem', 'n65+')"
468,7.0,0.9884228984352498,-0.3170827408018013,1699.5537627671386,"('dwtype', 'npers', 'nveh', 'nlic', 'nstud', 'nmale', 'nchild')"
469,7.0,0.9936971992945056,0.5016237952242761,925.2703360234582,"('dwtype', 'npers', 'nveh', 'nlic', 'nstud', 'nmale', 'n65+')"
470,7.0,0.994296488709373,0.6897295543982054,837.2928250438954,"('dwtype', 'npers', 'nveh', 'nlic', 'nstud', 'nchild', 'n65+')"
471,7.0,0.9884776383388814,-0.25768654860186047,1691.5177782272938,"('dwtype', 'npers', 'nveh', 'nlic', 'nfem', 'nmale', 'nchild')"
472,7.0,0.992546951721207,0.45906979010566573,1094.1301823658432,"('dwtype', 'npers', 'nveh', 'nlic', 'nfem', 'nmale', 'n65+')"
473,7.0,0.9931579623962602,0.5571609151491046,1004.4319546989243,"('dwtype', 'npers', 'nveh', 'nlic', 'nfem', 'nchild', 'n65+')"
474,7.0,0.9931435706466712,0.575762377639002,1006.5447073624471,"('dwtype', 'npers', 'nveh', 'nlic', 'nmale', 'nchild', 'n65+')"
475,7.0,0.9890338959247612,-0.2925766481897014,1609.8574707779462,"('dwtype', 'npers', 'nveh', 'nstud', 'nfem', 'nmale', 'nchild')"
476,7.0,0.993417263740872,0.4448775738771573,966.3657277196713,"('dwtype', 'npers', 'nveh', 'nstud', 'nfem', 'nmale', 'n65+')"
477,7.0,0.9935661263264151,0.4833863266801828,944.512246865268,"('dwtype', 'npers', 'nveh', 'nstud', 'nfem', 'nchild', 'n65+')"
478,7.0,0.9935646033369987,0.530134796841601,944.7358263492199,"('dwtype', 'npers', 'nveh', 'nstud', 'nmale', 'nchild', 'n65+')"
479,7.0,0.9926874411135609,0.4988065799850787,1073.5059117685078,"('dwtype', 'npers', 'nveh', 'nfem', 'nmale', 'nchild', 'n65+')"
480,7.0,0.9886916383211667,-0.11761233521188785,1660.1019291832974,"('dwtype', 'npers', 'nlic', 'nstud', 'nfem', 'nmale', 'nchild')"
481,7.0,0.9931287612026584,0.6436399944687281,1008.718778839312,"('dwtype', 'npers', 'nlic', 'nstud', 'nfem', 'nmale', 'n65+')"
482,7.0,0.9935971253349442,0.7389574364808169,939.9614980191059,"('dwtype', 'npers', 'nlic', 'nstud', 'nfem', 'nchild', 'n65+')"
483,7.0,0.9936013599198136,0.7750500681876176,939.3398480656923,"('dwtype', 'npers', 'nlic', 'nstud', 'nmale', 'nchild', 'n65+')"
484,7.0,0.9926009869707012,0.7164835359598385,1086.1976431990793,"('dwtype', 'npers', 'nlic', 'nfem', 'nmale', 'nchild', 'n65+')"
485,7.0,0.99376850513493,0.6606748059396352,914.8024215180695,"('dwtype', 'npers', 'nstud', 'nfem', 'nmale', 'nchild', 'n65+')"
486,7.0,0.988228301841288,-0.3502647174050324,1728.1211353206113,"('dwtype', 'nveh', 'nlic', 'nstud', 'nfem', 'nmale', 'nchild')"
487,7.0,0.9935996361772934,0.4939445308913193,939.5928987165776,"('dwtype', 'nveh', 'nlic', 'nstud', 'nfem', 'nmale', 'n65+')"
488,7.0,0.9888661075154205,1.798370322843006,1634.4893201962593,"('dwtype', 'nveh', 'nlic', 'nstud', 'nfem', 'nchild', 'n65+')"
489,7.0,0.9912808196778841,-0.04970945433144891,1280.0022217838166,"('dwtype', 'nveh', 'nlic', 'nstud', 'nmale', 'nchild', 'n65+')"
490,7.0,0.9930635066098271,0.5670296377603492,1018.2983517716193,"('dwtype', 'nveh', 'nlic', 'nfem', 'nmale', 'nchild', 'n65+')"
491,7.0,0.993356050979009,0.5064287008007611,975.3519475581936,"('dwtype', 'nveh', 'nstud', 'nfem', 'nmale', 'nchild', 'n65+')"
492,7.0,0.9933923087292763,0.7620775899858927,970.029199411666,"('dwtype', 'nlic', 'nstud', 'nfem', 'nmale', 'nchild', 'n65+')"
493,7.0,0.9865539809280233,-0.8310443468502271,1973.916543808942,"('npers', 'nveh', 'nlic', 'nstud', 'nfem', 'nmale', 'nchild')"
494,7.0,0.9867714093755624,-0.884627305256771,1941.9973856257955,"('npers', 'nveh', 'nlic', 'nstud', 'nfem', 'nmale', 'n65+')"
495,7.0,0.9906967511352565,-0.15096848396415652,1365.7452623699965,"('npers', 'nveh', 'nlic', 'nstud', 'nfem', 'nchild', 'n65+')"
496,7.0,0.9907209959218592,-0.10121179626833765,1362.186053869688,"('npers', 'nveh', 'nlic', 'nstud', 'nmale', 'nchild', 'n65+')"
497,7.0,0.986903881884654,-0.48702466305874736,1922.5500179033352,"('npers', 'nveh', 'nlic', 'nfem', 'nmale', 'nchild', 'n65+')"
498,7.0,0.9909729160514854,-0.10362608288337327,1325.2034117266248,"('npers', 'nveh', 'nstud', 'nfem', 'nmale', 'nchild', 'n65+')"
499,7.0,0.9909674735842916,-0.1454307756676485,1326.0023824833531,"('npers', 'nlic', 'nstud', 'nfem', 'nmale', 'nchild', 'n65+')"
500,7.0,0.990334526937392,-0.1480424556850366,1418.920877613818,"('nveh', 'nlic', 'nstud', 'nfem', 'nmale', 'nchild', 'n65+')"
501,8.0,0.9889984318994339,-0.27058431133726657,1575.67190018182,"('dwtype', 'npers', 'nveh', 'nlic', 'nstud', 'nfem', 'nmale', 'nchild')"
502,8.0,0.9936431454902619,0.48674018214516224,910.4444869111907,"('dwtype', 'npers', 'nveh', 'nlic', 'nstud', 'nfem', 'nmale', 'n65+')"
503,8.0,0.9941822763753718,0.5769442136182832,833.2288228874357,"('dwtype', 'npers', 'nveh', 'nlic', 'nstud', 'nfem', 'nchild', 'n65+')"
504,8.0,0.9941691294327836,0.6070544740393657,835.1117606486795,"('dwtype', 'npers', 'nveh', 'nlic', 'nstud', 'nmale', 'nchild', 'n65+')"
505,8.0,0.9930274584381691,0.5658130201461873,998.6247152587054,"('dwtype', 'npers', 'nveh', 'nlic', 'nfem', 'nmale', 'nchild', 'n65+')"
506,8.0,0.9936825866802568,0.5188600559879433,904.7956217479049,"('dwtype', 'npers', 'nveh', 'nstud', 'nfem', 'nmale', 'nchild', 'n65+')"
507,8.0,0.9936425000152773,0.7486385811664107,910.5369334411887,"('dwtype', 'npers', 'nlic', 'nstud', 'nfem', 'nmale', 'nchild', 'n65+')"
508,8.0,0.9939993432921652,0.5923865306400273,859.4289532858909,"('dwtype', 'nveh', 'nlic', 'nstud', 'nfem', 'nmale', 'nchild', 'n65+')"
509,8.0,0.9907502579378953,-0.106677853759372,1324.771025181248,"('npers', 'nveh', 'nlic', 'nstud', 'nfem', 'nmale', 'nchild', 'n65+')"
510,9.0,0.9941557962956774,0.5927489958867227,816.095831509864,"('dwtype', 'npers', 'nveh', 'nlic', 'nstud', 'nfem', 'nmale', 'nchild', 'n65+')"
