tripno,ozone,empst,occ,jbsite,wkweek,female,age,dweltp,pinc,hhsize,nveh,weight,nwkrs,nldr,hinc,trdist,mindst,minsub,dsttrm,nterm,aivtt,rivttg,rivttt,r-acca,r-egrw,r-wait,r-fare,lrdum,tivtt,twait,t-accw,t-egrw,t-fare,mcost,mdist,mspace,lnlots,zcost,zdist,zspace,zcd,zcs,zds,mdpri,mspri,lnlpri,zdpri,zspri,zdspri,free,aavail,tavail,dlic,a-dr,a-pass,transit,rail,walk
9,73,2,1,1,1,1,36,2,18,3,3,1.72,2,1,43,5,710,1,14,22,18,9999.99,9999.99,9999.99,9999.99,9999.99,9999.99,9999.99,17.89,2.63,5.36,8.07,0.71,6.29,527,5.45,2.89,8.32,67932.45,0.63,-252.43,0.05,-30.29,40,4.76,0,0,0,0,0,5,1,0,-1,0,1,-1,-1
18,140,2,8,5,1,1,60,4,18,1,9,0.69,1,0,18,7,286,10,8,21,27,9999.99,9999.99,9999.99,9999.99,9999.99,9999.99,9999.99,14.68,1.95,2.82,2.43,0.71,6.61,685,4.73,4.74,5.09,47493.77,1.34,-156.84,0.04,-57.79,0,0,9.99,0,0,0,0,5,1,0,-1,0,1,-1,-1
22,687,2,1,1,1,1,32,1,38,2,2,0.69,2,2,80,29,233,4,14,20,57,31.56,2.43,15.07,2.47,1,3.56,0,64.81,10.05,2.12,6.3,1.42,6.19,642,4.81,4.55,6.48,58538.11,1.03,-18.77,-0.04,-46.71,62,1.95,0,0,0,0,0,1,1,1,0,1,0,0,-1
68,254,2,1,1,1,1,48,1,23,2,3,1.48,2,2,50,13,341,6,13,22,38,9999.99,9999.99,9999.99,9999.99,9999.99,9999.99,9999.99,28.29,3.36,2.59,4.45,0.71,5.38,623,4.74,4.22,3.92,65494.41,0.66,114.96,-0.03,35.03,100,1.61,0,0,0,0,0,2,1,1,0,0,1,-1,-1
115,29,2,8,1,1,0,48,4,70,3,1,1.43,1,3,130,2,283,3,15,22,5,9999.99,9999.99,9999.99,9999.99,9999.99,9999.99,9999.99,9.62,1.5,3.94,2.31,0.71,6.47,619,4.69,4.47,6.55,65873.03,1.18,-115.43,0.18,96.17,61,3.55,0.69,156.25,0.21,5,731,2,1,1,1,0,0,-1,0
180,15,2,1,1,1,1,65,3,18,3,2,1.78,3,1,58,3,758,4,15,21,5,9999.99,9999.99,9999.99,9999.99,9999.99,9999.99,9999.99,10.11,1.5,5.62,2.04,0.71,5.11,692,4.54,4.17,3.06,63856.28,0.84,154.12,-0.34,30.57,85,4.46,1.1,0,0.65,0,0,3,1,0,-1,0,1,-1,0
283,814,2,4,2,1,0,50,1,23,2,2,0.69,9,9,0,30,961,1,20,22,63,23.23,0,10.55,7.55,0,2.6,0,66.54,7.87,7.24,3.49,1.42,5.66,542,5.59,2.64,3.26,69174.63,0.58,60.9,-0.3,-34.42,16,4.06,0.69,1,0.78,0,881,1,1,1,0,0,0,1,-1
296,64,2,4,2,3,0,27,4,38,1,1,1.14,1,1,38,6,103,4,14,21,23,9999.99,9999.99,9999.99,9999.99,9999.99,9999.99,9999.99,13.87,2.05,1.33,1.4,0.71,6.31,647,4.78,4.59,6.82,52346.57,1.07,3.42,-0.21,-28.99,0,0,9.99,0,0,0,1,1,1,1,1,0,0,-1,-1
355,396,2,8,1,1,0,44,1,70,4,2,1.78,3,3,115,26,165,11,5,20,54,9999.99,9999.99,9999.99,9999.99,9999.99,9999.99,9999.99,50.08,5.76,0.78,4.27,0.71,6.38,655,4.83,4.38,4.03,59947.35,1.16,-5.94,-0.1,-65.46,86,3.98,0.69,64,0.01,0,740,1,1,1,1,0,0,-1,-1
404,208,2,8,1,1,0,43,1,70,4,1,1.87,1,2,100,10,207,10,12,21,28,9999.99,9999.99,9999.99,9999.99,9999.99,9999.99,9999.99,27.97,1.5,2.6,6.04,0.71,6.46,690,4.81,4.73,5.24,47551.11,1.22,-120.49,0.31,-36.57,0,0,9.99,0,0,0,1,1,1,1,1,0,0,-1,-1
448,156,2,8,6,1,1,33,4,33,1,9,0.69,1,1,33,4,1599,11,9,21,16,9999.99,9999.99,9999.99,9999.99,9999.99,9999.99,9999.99,14.03,2.29,2.08,2.02,0.71,6.37,649,4.76,2.48,6.9,85302.59,0.72,92.24,-0.9,-112.6,0,0,9.99,0,0,0,0,5,1,1,-1,0,1,-1,-1
494,851,2,8,6,1,1,46,4,48,2,1,0.52,9,9,0,35,434,11,18,22,75,33.22,2.59,3.98,3.02,1,4.11,0,76.03,7,3.56,9.14,1.42,6.1,591,4.96,4.14,4.07,59999.72,1.12,-163.53,-0.36,-35.32,0,0,9.99,0,0,0,0,1,4,1,0,0,0,1,-1
531,233,2,8,1,1,0,49,4,38,3,1,1.43,2,2,55,12,838,11,11,21,37,9999.99,9999.99,9999.99,9999.99,9999.99,9999.99,9999.99,32.04,4.5,1.19,3.5,0.71,5.88,688,4.96,4.06,3.94,52981.17,1.01,-197.57,-0.15,-3.77,53,3.02,0.69,0.25,0.15,0,190,5,1,1,-1,0,1,-1,-1
549,798,2,2,1,1,0,0,9,100,4,1,0.61,1,2,0,36,273,9,23,22,74,23.72,0,12.36,4.6,0,2.6,1,61.31,10.33,2.99,1.99,1.42,6.3,639,4.78,4.69,5.7,45672.77,1.27,-260.05,0.16,-60.36,0,0,9.99,0,0,0,0,9,1,1,-1,0,1,0,0
571,141,2,1,1,1,1,64,1,33,2,1,1.47,1,1,55,6,240,18,8,21,21,9999.99,9999.99,9999.99,9999.99,9999.99,9999.99,9999.99,10.96,1.86,5.02,6.36,0.71,5.72,615,5.13,3.18,4.66,71427.92,1.17,5.79,-0.63,-69.02,83,5.23,0,0,0,0,0,1,1,0,-1,1,0,-1,-1
619,224,2,8,6,1,0,54,4,28,3,2,0.54,2,2,50,13,279,11,10,21,41,9999.99,9999.99,9999.99,9999.99,9999.99,9999.99,9999.99,33.95,3.71,1.87,4.91,0.71,6.19,628,4.82,4.28,4.13,64138.11,1.15,-105.68,-0.38,-74.76,46,3.82,0.69,225,0.01,-1,160,2,1,1,0,0,1,-1,-1
702,179,2,8,6,1,1,38,1,38,3,1,1.72,3,2,78,6,2,14,9,21,25,9999.99,9999.99,9999.99,9999.99,9999.99,9999.99,9999.99,11.37,2.02,1.85,3.46,0.71,6.19,700,4.87,3,6.53,45523.55,0.52,-331.98,0.62,-6.41,0,0,9.99,0,0,0,0,5,1,1,-1,0,1,-1,-1
1021,786,2,1,8,1,1,40,1,13,4,1,0.61,2,2,65,38,288,10,25,22,73,21.56,2.24,14.1,4.12,0.33,3.31,1,67.39,13.52,3.12,6.42,1.42,6.61,685,4.73,4.74,5.09,47554.89,1.34,-157.45,0.04,-57.77,0,0,9.99,0,0,0,1,1,1,1,1,0,0,0,-1
1075,7,1,8,6,5,1,37,4,100,5,1,0.89,2,2,0,0,869,18,13,21,0,9999.99,9999.99,9999.99,9999.99,9999.99,9999.99,9999.99,0,0,0.34,4.99,0.71,4.72,715,4.64,3.18,5.25,71773.09,0.86,244.84,-0.4,-75.87,0,0,9.99,0,0,0,0,9,1,1,-1,0,0,-1,1
1124,147,2,1,1,1,0,41,4,33,1,9,0.69,1,0,33,4,228,13,8,21,24,9999.99,9999.99,9999.99,9999.99,9999.99,9999.99,9999.99,8.52,1.79,3.73,2.1,0.71,6.23,591,4.97,3.76,5.48,73714.26,0.84,-42.2,-0.04,-9.01,0,0,9.99,0,0,0,0,5,1,0,-1,0,1,-1,-1
1187,136,2,8,6,2,1,32,4,18,2,9,0.8,2,2,35,7,839,14,8,21,27,9999.99,9999.99,9999.99,9999.99,9999.99,9999.99,9999.99,11.51,1.3,6.71,6.34,0.71,6.56,872,4.84,3.04,5.52,11360.86,1.18,21.94,-0.65,-7.08,21,4.83,0,0,0,0,0,5,1,1,-1,0,1,-1,-1
1190,136,2,8,5,1,0,26,4,18,2,9,0.8,2,2,35,9,463,3,10,21,29,9999.99,9999.99,9999.99,9999.99,9999.99,9999.99,9999.99,17.95,2.03,1.82,6.34,0.71,6.4,592,4.58,4.3,7,53810.49,1.11,-19.93,-0.15,85.44,91,4.01,0,0,0,0,1,5,1,1,-1,0,1,-1,-1
1223,787,2,1,1,1,1,24,4,13,5,1,0.65,2,1,30,36,340,2,25,22,70,21.56,0.67,11.34,3.52,0.82,2.81,1,64.87,20.14,2.99,4.44,1.42,6.66,603,4.78,4.48,6.15,67336.89,1.24,-110.72,0.05,47.87,61,2.94,0.69,0,0.21,0,0,1,1,1,1,0,0,0,-1
1361,154,2,8,1,1,0,52,1,70,3,2,1.78,1,2,110,4,95,2,11,21,12,9999.99,9999.99,9999.99,9999.99,9999.99,9999.99,9999.99,12.08,4.5,1.52,2.47,0.71,6.63,619,4.85,4.56,5.7,48602.34,1.45,-156.87,-0.18,-37.3,95,2.3,0.69,6.25,0,0,1,1,1,1,1,0,0,-1,-1
1568,353,2,8,1,1,0,28,1,38,4,3,1.78,2,3,88,11,309,18,10,21,41,9999.99,9999.99,9999.99,9999.99,9999.99,9999.99,9999.99,20.25,3.56,4.33,2.4,0.71,5.79,622,5.12,3.3,4.35,71670.48,1.07,0.03,-0.5,-68.58,81,5.23,0,0,0,0,0,3,1,1,0,0,1,-1,-1
1570,353,2,8,1,1,0,29,1,33,4,3,1.78,2,3,88,14,296,9,10,21,38,9999.99,9999.99,9999.99,9999.99,9999.99,9999.99,9999.99,26.72,4.84,2.72,2.4,0.71,6.36,631,4.79,4.64,5.76,45299.31,1.28,-266.56,0.08,-66.62,0,0,9.99,0,0,0,0,3,1,1,0,0,1,-1,-1
1603,53,2,8,1,1,1,26,2,23,2,9,0.69,9,9,0,7,164,2,13,21,18,9999.99,9999.99,9999.99,9999.99,9999.99,9999.99,9999.99,14.96,3.01,2.37,5.39,0.71,6.6,630,4.86,4.55,5.64,52806.53,1.46,-123.57,-0.17,-36.26,92,2.3,0.69,6.25,0,0,0,5,1,0,-1,0,1,-1,-1
1605,780,2,2,1,1,1,30,2,28,2,2,0.42,1,2,28,36,296,9,26,22,0,28.73,0,0.74,3.92,0,2.6,1,60.87,17.54,2.58,9.1,1.42,6.36,631,4.79,4.64,5.76,45299.31,1.28,-266.56,0.08,-66.62,0,0,9.99,0,0,0,0,1,1,1,0,0,0,1,-1
1638,822,1,8,1,1,1,23,1,23,3,2,0.78,3,3,53,28,273,9,17,22,66,20.79,0,12.19,4.6,0,2.1,0,62.57,7.94,2.99,5.88,1.42,6.3,639,4.78,4.69,5.7,45672.77,1.27,-260.05,0.16,-60.36,0,0,9.99,0,0,0,0,1,2,1,0,0,0,1,-1
1675,76,2,8,1,2,0,38,2,70,1,2,1.61,1,1,100,3,137,2,14,22,12,9999.99,9999.99,9999.99,9999.99,9999.99,9999.99,9999.99,13.24,2.72,1.96,3.58,0.71,6.56,635,4.82,4.64,5.5,45490.43,1.38,-246.79,-0.2,-38.3,0,0,9.99,0,0,0,1,1,1,1,1,0,0,-1,-1
1838,140,2,1,1,1,1,53,4,28,1,1,0.69,1,1,28,8,273,9,8,21,27,9999.99,9999.99,9999.99,9999.99,9999.99,9999.99,9999.99,13.39,1.34,3.07,3.22,0.71,6.3,639,4.78,4.69,5.7,45672.77,1.27,-260.05,0.16,-60.36,0,0,9.99,0,0,0,0,5,1,1,-1,0,1,-1,-1
1946,110,2,1,1,1,1,29,1,13,4,1,1.87,3,2,50,12,70,2,12,21,35,9999.99,9999.99,9999.99,9999.99,9999.99,9999.99,9999.99,32.94,6.19,0.62,0.26,0.71,6.58,635,4.79,4.62,5.63,56244.16,1.37,-221.89,-0.22,-7.69,100,1.79,0,0,0,0,0,5,1,0,-1,0,1,-1,-1
2031,65,2,8,1,2,0,35,1,53,1,9,0.53,1,0,53,7,148,11,13,21,23,9999.99,9999.99,9999.99,9999.99,9999.99,9999.99,9999.99,13.78,2,2.78,6.37,0.71,6.6,693,4.74,4.57,6.86,56627.21,1.13,94.61,0.08,-46.12,58,3.4,1.61,624.64,1.13,1,780,5,1,0,-1,0,1,-1,-1
2063,43,2,8,6,3,1,37,1,33,2,9,0.69,2,2,40,6,562,11,12,22,8,9999.99,9999.99,9999.99,9999.99,9999.99,9999.99,9999.99,22.54,11.76,3.8,17.69,0.71,5.98,610,4.96,4.08,4.16,55933.46,1,-231.74,-0.37,-34.26,0,0,9.99,0,0,0,0,5,1,1,-1,0,1,-1,-1
2076,778,2,3,1,1,0,25,4,13,2,1,0.52,2,2,25,26,1103,15,20,22,56,21.56,7.16,0.97,0.81,2.5,2.81,1,49.84,17.3,0.81,3.82,1.42,6.94,744,4.97,2.56,6.93,70259.7,1.2,282.7,-1.3,-77.83,30,2.83,0,0,0,0,0,4,1,1,-1,0,0,1,-1
2080,16,2,8,1,2,0,26,4,33,2,9,0.8,2,2,40,1,455,10,13,21,2,9999.99,9999.99,9999.99,9999.99,9999.99,9999.99,9999.99,2.51,1.49,2.4,5.89,0.71,5.53,621,4.69,4.52,7.53,55887.7,1.09,180.78,0.79,62.72,49,4.09,0,0,0,0,0,5,1,1,-1,0,1,-1,0
2208,966,2,8,1,1,0,63,1,70,2,2,0.69,1,2,100,51,137,2,0,0,86,36.79,0,8.01,4.17,0,3.7,1,9999.99,9999.99,9999.99,9999.99,9999.99,6.56,635,4.82,4.64,5.5,45490.43,1.38,-246.79,-0.2,-38.3,0,0,9.99,0,0,0,0,1,3,1,0,0,-1,1,-1
2215,189,2,4,4,1,0,31,2,23,2,1,1.47,2,1,50,12,1504,1,9,21,21,9999.99,9999.99,9999.99,9999.99,9999.99,9999.99,9999.99,23.48,3.28,5.29,3.96,0.71,4.8,775,5.08,1.61,0.16,7184.2,0.43,20.88,-0.12,-32.38,82,3.22,0,0,0,0,1,5,1,0,-1,0,1,-1,-1
2290,776,1,1,1,2,1,51,1,28,2,2,0.69,2,2,128,35,50,2,26,22,68,26.53,0.66,3.73,1.26,0.8,3.31,1,62.45,16.62,0.96,7.98,1.42,6.56,635,4.78,4.62,5.67,55261.34,1.38,-221.99,-0.2,-18.23,86,3.53,0,0,0,0,0,1,3,1,0,1,0,0,-1
2317,964,2,8,1,1,1,48,3,28,2,1,0.62,1,2,30,55,350,15,0,0,90,36.79,7.3,12.31,2.39,1,4.41,1,9999.99,9999.99,9999.99,9999.99,9999.99,8.12,674,4.91,1.39,11.29,53711.25,0.11,184.83,-0.07,0.73,0,0,9.99,0,0,0,0,1,3,1,0,0,-1,1,-1
2334,773,2,8,6,1,1,29,1,23,3,2,0.78,2,2,0,40,188,4,20,22,81,33.22,2.43,9.29,1.19,1,4.11,0,77.46,17.58,1.19,2.73,1.42,5.99,645,4.68,4.53,6.78,47028.43,0.94,62.48,-0.24,-10.92,74,3.16,1.1,660.22,1.67,-33,210,1,1,1,0,0,1,0,-1
2348,1252,2,2,4,2,0,44,4,43,2,1,0.38,-50,-50,0,84,625,3,0,0,115,33.43,2.92,48.81,2.89,1.9,5.96,1,9999.99,9999.99,9999.99,9999.99,9999.99,6.2,644,4.57,4.28,7.83,47906.67,1.11,21.16,-0.17,102.26,74,2.92,1.79,154.81,0.61,-5,930,1,3,1,1,0,-1,0,-1
2425,119,2,1,1,1,0,37,1,33,4,2,0.56,-50,-50,0,6,273,9,12,21,19,9999.99,9999.99,9999.99,9999.99,9999.99,9999.99,9999.99,12.19,3.74,2.96,5.7,0.71,6.3,639,4.78,4.69,5.7,45672.77,1.27,-260.05,0.16,-60.36,0,0,9.99,0,0,0,0,1,1,1,0,0,1,-1,-1
2427,119,2,2,5,2,1,56,1,23,4,2,0.56,-50,-50,0,3,149,13,11,21,12,9999.99,9999.99,9999.99,9999.99,9999.99,9999.99,9999.99,6.86,2.93,3.3,5.65,0.71,6.27,630,4.91,3.66,5.43,83328,0.84,-66.5,0.13,-21.05,94,3.47,0,0,0,0,0,5,1,0,-1,0,1,-1,0
2440,148,2,1,1,1,1,40,4,28,1,9,0.69,1,0,28,7,277,11,8,21,26,9999.99,9999.99,9999.99,9999.99,9999.99,9999.99,9999.99,17.02,3.3,1.48,2.72,0.71,6.14,640,4.91,4.23,4.06,56394.29,1.12,-88.58,-0.16,-41.71,75,4.51,0.69,42.25,0.19,2,830,5,1,0,-1,0,1,-1,-1
2472,120,2,1,1,1,1,60,2,23,1,9,0.53,1,0,23,8,273,9,12,21,18,9999.99,9999.99,9999.99,9999.99,9999.99,9999.99,9999.99,18.2,2.14,2.96,3.65,0.71,6.3,639,4.78,4.69,5.7,45672.77,1.27,-260.05,0.16,-60.36,0,0,9.99,0,0,0,0,5,1,0,-1,0,1,-1,-1
2513,114,1,1,5,1,1,23,2,3,3,9,0.64,2,1,23,9,228,4,12,21,26,9999.99,9999.99,9999.99,9999.99,9999.99,9999.99,9999.99,21.67,3.2,2.79,7.92,0.71,6.45,654,4.69,4.59,6.41,58918.2,1.15,-109.31,-0.04,14.5,100,3.05,0,0,0,0,0,5,1,1,-1,0,1,-1,-1
2536,310,2,1,1,1,1,28,3,23,1,9,0.69,1,0,23,21,1353,2,6,20,46,9999.99,9999.99,9999.99,9999.99,9999.99,9999.99,9999.99,41.39,3.76,2.67,0.63,0.71,4.59,762,5.12,3.26,2.69,35534.5,0.97,108.13,0.61,18.48,25,3.87,1.1,3.56,0.25,0,850,5,1,0,-1,0,1,-1,-1
2599,670,2,8,1,2,1,0,3,43,2,1,0.62,1,1,43,20,550,5,7,20,57,31.56,3.76,5.55,1.71,1,3.06,0,40.3,4.31,4.35,3.16,1.42,5.49,636,4.86,4.23,3.52,57431.97,0.92,-155.75,0,-9.03,85,2.84,1.1,10.89,0.1,-1,10,1,1,1,0,0,1,0,-1
2656,276,2,1,1,1,1,36,4,18,1,9,0.69,1,1,18,26,296,9,7,20,49,9999.99,9999.99,9999.99,9999.99,9999.99,9999.99,9999.99,50.79,5.22,3.05,5.21,0.71,6.36,631,4.79,4.64,5.76,45299.31,1.28,-266.56,0.08,-66.62,0,0,9.99,0,0,0,0,5,1,1,-1,0,1,-1,-1
2662,923,2,2,5,2,1,25,1,18,4,4,1.42,3,4,45,41,0,5,6,20,67,24.21,3.54,20.02,1.01,1,3.81,0,9999.99,9999.99,9999.99,9999.99,1.42,5.44,582,4.66,4.41,3.99,60958.12,0.83,176.24,-0.03,-28.21,0,0,9.99,0,0,0,0,1,3,1,0,0,1,0,-1
2701,976,2,8,1,1,0,43,1,48,2,1,0.62,2,2,70,44,300,9,0,0,78,30.03,0.53,11.05,5.44,0.18,3.86,1,9999.99,9999.99,9999.99,9999.99,9999.99,6.25,668,4.71,4.8,5.46,47200.95,1.38,-232.1,0.24,-59.8,0,0,9.99,0,0,0,0,2,1,1,0,0,-1,1,-1
2740,1007,2,3,1,6,0,26,4,43,2,1,0.52,2,1,65,71,137,2,0,0,99,35.01,0,28.06,4.17,0,4.3,1,9999.99,9999.99,9999.99,9999.99,9999.99,6.56,635,4.82,4.64,5.5,45490.43,1.38,-246.79,-0.2,-38.3,0,0,9.99,0,0,0,0,3,1,0,-1,0,-1,1,-1
2899,186,2,1,1,1,1,39,4,18,3,9,0.74,9,9,0,13,119,9,9,21,37,9999.99,9999.99,9999.99,9999.99,9999.99,9999.99,9999.99,24.19,3.61,1.62,4.95,0.71,6.08,631,4.73,4.68,6.15,56750.74,1.25,-217.6,0.44,-78.91,67,4.24,0.69,144,3.07,21,40,5,1,0,-1,0,1,-1,-1
2987,151,2,1,1,1,0,52,4,23,1,9,0.69,1,0,23,6,165,11,9,21,17,9999.99,9999.99,9999.99,9999.99,9999.99,9999.99,9999.99,11.17,2.07,2.92,3.95,0.71,6.38,655,4.83,4.38,4.03,59947.35,1.16,-5.94,-0.1,-65.46,86,3.98,0.69,64,0.01,0,740,5,1,0,-1,0,1,-1,-1
2999,1023,2,8,1,2,0,56,1,70,3,3,0.78,3,3,110,62,101,9,0,0,97,34.77,0.73,21.78,2.23,0.83,4.41,1,9999.99,9999.99,9999.99,9999.99,9999.99,6.01,654,4.68,4.8,5.8,55829.55,1.24,-122.95,0.43,-54.33,76,3.31,1.1,81.55,0.52,1,640,1,1,1,1,0,-1,0,-1
3081,205,2,8,1,1,0,34,4,18,2,9,0.8,2,1,45,8,260,2,13,21,18,9999.99,9999.99,9999.99,9999.99,9999.99,9999.99,9999.99,22.79,2.09,3.23,1.48,0.71,6.72,629,4.92,4.49,5.72,55999.87,1.29,-15.76,-0.26,-41.22,0,0,9.99,0,0,0,0,5,1,0,-1,0,1,-1,-1
3083,205,2,1,1,1,1,34,4,28,2,9,0.8,2,1,45,7,323,3,13,21,18,9999.99,9999.99,9999.99,9999.99,9999.99,9999.99,9999.99,20.52,1.55,2.78,1.48,0.71,6.64,599,4.78,4.5,6.02,66019.63,1.31,-128.82,0.09,82.98,62,3.45,0.69,784,1.33,-32,240,5,1,1,-1,0,1,-1,-1
3094,149,2,8,1,1,0,25,4,13,1,1,1.14,1,1,13,7,196,9,10,21,21,9999.99,9999.99,9999.99,9999.99,9999.99,9999.99,9999.99,9.94,1,2.53,8.14,0.71,6.31,663,4.68,4.77,5.61,50040.68,1.32,-124.07,0.35,-64.28,0,0,9.99,0,0,0,0,1,1,1,0,0,1,-1,-1
3118,418,2,8,1,1,0,45,1,48,3,1,0.58,3,3,68,40,167,2,0,0,68,35.8,0.38,6.28,3.78,0.38,3.51,1,9999.99,9999.99,9999.99,9999.99,9999.99,6.67,608,4.88,4.5,5.86,53821.4,1.51,-94.51,-0.23,-10.05,41,3.26,0,0,0,0,0,1,1,1,0,0,-1,1,-1
3167,140,2,8,1,1,1,27,4,28,1,9,0.53,1,1,28,8,200,2,8,21,26,9999.99,9999.99,9999.99,9999.99,9999.99,9999.99,9999.99,14.9,1.48,1.82,3.75,0.71,6.67,622,4.7,4.57,5.69,65029.15,1.31,-187.4,-0.05,-10.28,66,2.7,1.39,696.75,0.39,-11,590,5,1,1,-1,0,1,-1,-1
3206,702,2,8,1,1,0,30,1,23,2,1,0.29,2,2,45,56,348,3,39,20,75,31.9,0.71,41.85,4.4,0.25,4.41,0,85.23,17.29,4.26,6.95,1.42,6.46,673,4.76,4.78,5.34,50344.57,1.31,-305.68,-0.09,-22.12,0,0,9.99,0,0,0,0,1,3,1,1,0,0,0,-1
3210,975,1,1,1,1,1,50,2,100,3,3,0.64,3,3,0,47,399,3,0,0,79,35.01,0.83,6.56,4.07,0.75,3.86,1,9999.99,9999.99,9999.99,9999.99,9999.99,6.72,596,4.78,4.45,6.13,66293.95,1.31,-56.36,0.07,81.17,59,4.61,0,0,0,0,0,1,1,1,0,0,-1,1,-1
3225,148,2,8,1,6,0,45,1,70,2,2,1.48,2,-49,0,7,296,9,9,21,23,9999.99,9999.99,9999.99,9999.99,9999.99,9999.99,9999.99,11.38,1.28,2.72,2.34,0.71,6.36,631,4.79,4.64,5.76,45299.31,1.28,-266.56,0.08,-66.62,0,0,9.99,0,0,0,0,1,1,1,0,0,1,-1,-1
3227,449,2,1,1,1,1,25,1,23,2,1,0.62,2,2,45,51,167,2,0,0,77,36.45,0.38,9.51,3.78,0.38,3.51,1,9999.99,9999.99,9999.99,9999.99,9999.99,6.67,608,4.88,4.5,5.86,53821.4,1.51,-94.51,-0.23,-10.05,41,3.26,0,0,0,0,0,4,1,1,-1,0,-1,1,-1
3286,778,2,1,1,2,1,22,4,18,2,2,0.42,2,2,35,24,148,11,19,22,58,21.56,1.64,5.24,2.86,1,2.81,1,41.26,20,5.24,2.8,1.42,6.6,693,4.74,4.57,6.86,56627.21,1.13,94.61,0.08,-46.12,58,3.4,1.61,624.64,1.13,1,780,1,1,1,0,0,1,0,-1
3290,349,1,1,1,4,1,30,1,18,4,3,1.78,2,3,0,16,426,7,6,21,41,9999.99,9999.99,9999.99,9999.99,9999.99,9999.99,9999.99,24.92,1.83,3.21,9.11,0.71,5.6,597,5.06,3.47,4.22,77806.22,0.94,-141.08,-0.38,-62.12,0,0,9.99,0,0,0,0,1,1,1,0,0,1,-1,-1
3328,63,2,8,1,2,1,52,5,48,1,1,1.16,1,1,48,7,233,4,13,22,23,9999.99,9999.99,9999.99,9999.99,9999.99,9999.99,9999.99,16.6,3.51,2.27,8.59,0.71,6.19,642,4.81,4.55,6.48,58538.11,1.03,-18.77,-0.04,-46.71,62,1.95,0,0,0,0,0,1,1,1,0,0,1,-1,-1
3418,178,2,8,1,2,0,52,1,70,1,1,1.16,1,1,100,6,21,11,10,21,18,9999.99,9999.99,9999.99,9999.99,9999.99,9999.99,9999.99,14.95,4.12,2.01,9.75,0.71,6.63,690,4.75,4.57,6.21,57271.59,1.09,78.31,-0.07,-68.8,86,3.04,1.1,312.67,0.17,-5,400,1,1,1,0,0,1,-1,-1
3448,155,2,1,1,1,1,39,4,23,2,1,1.77,2,2,23,5,1504,1,11,21,13,9999.99,9999.99,9999.99,9999.99,9999.99,9999.99,9999.99,12.75,2.42,5.38,0.73,0.71,4.8,775,5.08,1.61,0.16,7184.2,0.43,20.88,-0.12,-32.38,82,3.22,0,0,0,0,0,1,2,1,0,0,1,-1,-1
3451,155,2,3,5,1,0,44,4,0,2,1,1.77,2,2,23,2,255,6,11,21,6,9999.99,9999.99,9999.99,9999.99,9999.99,9999.99,9999.99,2.78,1,3.77,0.73,0.71,5.25,619,4.68,4.2,3.76,67612.71,0.64,78.24,-0.09,12.48,48,3.41,1.39,826.69,1.97,-4,900,1,1,1,1,0,0,-1,0
3472,339,2,1,1,1,1,21,4,18,3,9,0.74,3,1,38,22,341,2,7,20,48,18.3,0,1.5,2.15,0,1.55,1,34.24,2.83,1.9,9.25,0.71,6.6,606,4.94,4.51,5.88,51352.88,1.32,-151.82,-0.11,-39.13,0,0,9.99,0,0,0,0,1,9,1,-1,0,1,0,-1
3491,979,2,8,8,1,0,46,1,100,5,1,0.61,3,2,0,42,103,4,0,0,76,28.16,2.43,9.14,1.32,1,3.31,1,9999.99,9999.99,9999.99,9999.99,9999.99,6.31,647,4.78,4.59,6.82,52346.57,1.07,3.42,-0.21,-28.99,0,0,9.99,0,0,0,1,1,1,1,1,0,-1,0,-1
3506,990,2,1,1,1,1,40,3,33,2,9,0.4,9,9,0,47,38,9,0,0,80,25.92,0.65,16.57,1.98,0.75,3.86,1,9999.99,9999.99,9999.99,9999.99,9999.99,6.03,644,4.69,4.74,5.92,58137.46,1.29,-158.77,0.48,-70.21,65,4.84,0.69,1024,1.33,-36,841,1,1,1,-1,0,-1,1,-1
3511,247,2,8,6,2,0,36,1,48,2,1,1.47,1,2,65,12,839,14,12,22,37,9999.99,9999.99,9999.99,9999.99,9999.99,9999.99,9999.99,21.58,1.84,5.77,7.35,0.71,6.56,872,4.84,3.04,5.52,11360.86,1.18,21.94,-0.65,-7.08,21,4.83,0,0,0,0,0,1,1,1,0,0,1,-1,-1
3559,58,2,1,6,1,1,32,2,18,5,9,0.48,9,9,0,2,1599,11,12,21,7,9999.99,9999.99,9999.99,9999.99,9999.99,9999.99,9999.99,5.91,1.35,4.09,6.34,0.71,6.37,649,4.76,2.48,6.9,85302.59,0.72,92.24,-0.9,-112.6,0,0,9.99,0,0,0,0,5,1,0,-1,1,0,-1,0
3583,36,1,7,1,3,0,35,4,8,1,9,0.69,1,1,8,2,103,4,14,21,6,9999.99,9999.99,9999.99,9999.99,9999.99,9999.99,9999.99,5.73,1.8,2.5,0.67,0.71,6.31,647,4.78,4.59,6.82,52346.57,1.07,3.42,-0.21,-28.99,0,0,9.99,0,0,0,0,5,1,1,-1,0,1,-1,0
3642,62,2,1,1,1,1,58,2,23,4,3,1.78,9,9,0,6,277,11,13,22,22,9999.99,9999.99,9999.99,9999.99,9999.99,9999.99,9999.99,17.02,2.69,1.08,4.76,0.71,6.14,640,4.91,4.23,4.06,56394.29,1.12,-88.58,-0.16,-41.71,75,4.51,0.69,42.25,0.19,2,830,1,1,1,0,0,1,-1,-1
3654,449,2,1,1,1,1,27,1,28,2,2,0.69,2,2,65,51,102,2,0,0,77,35.8,0.61,10.34,2.11,0.74,3.51,1,9999.99,9999.99,9999.99,9999.99,9999.99,6.65,622,4.79,4.56,5.79,57781.04,1.43,-165.5,-0.24,-5.88,0,0,9.99,0,0,0,0,3,1,1,0,0,-1,1,-1
3772,9,2,1,1,1,1,46,4,18,1,9,0.69,1,0,18,2,879,5,12,21,5,9999.99,9999.99,9999.99,9999.99,9999.99,9999.99,9999.99,4.04,1.55,1.77,4.13,0.71,5.77,698,4.99,3.89,4.02,38631.1,0.9,-239.58,-0.15,16.08,58,3.25,1.39,197,0.19,2,870,5,1,0,-1,0,0,-1,1
3794,933,2,2,1,2,0,38,1,70,2,2,0.28,9,9,0,63,296,9,12,20,79,24.21,0,33.31,3.92,0,3.1,0,9999.99,9999.99,9999.99,9999.99,1.42,6.36,631,4.79,4.64,5.76,45299.31,1.28,-266.56,0.08,-66.62,0,0,9.99,0,0,0,0,5,3,1,1,0,0,0,-1
3830,91,2,8,6,3,1,46,4,33,2,2,1.12,2,2,65,13,137,2,10,21,34,9999.99,9999.99,9999.99,9999.99,9999.99,9999.99,9999.99,31.18,5.56,2.11,1.29,0.71,6.56,635,4.82,4.64,5.5,45490.43,1.38,-246.79,-0.2,-38.3,0,0,9.99,0,0,0,0,1,1,1,0,0,1,-1,-1
3888,146,2,8,1,1,0,37,2,43,3,1,1.72,-50,-50,0,6,427,5,8,21,23,9999.99,9999.99,9999.99,9999.99,9999.99,9999.99,9999.99,12.62,1.58,4.5,7.64,0.71,5.56,592,4.77,4.44,3.82,70011.46,0.99,-133.89,0.04,-48.26,76,1.95,0,0,0,0,0,3,9,1,0,0,1,-1,-1
3909,115,2,1,1,1,1,27,1,18,2,9,0.69,1,0,30,8,291,2,12,21,22,9999.99,9999.99,9999.99,9999.99,9999.99,9999.99,9999.99,20.18,3.01,2.55,2.46,0.71,6.46,667,4.75,4.76,5.39,50291.52,1.3,-304.79,-0.12,-26.04,70,2.48,0,0,0,0,0,5,1,0,-1,0,1,-1,-1
3915,65,2,8,1,1,1,0,4,33,1,9,0.69,1,0,33,8,200,2,14,21,26,9999.99,9999.99,9999.99,9999.99,9999.99,9999.99,9999.99,16.51,2,1.82,6.37,0.71,6.67,622,4.7,4.57,5.69,65029.15,1.31,-187.4,-0.05,-10.28,66,2.7,1.39,696.75,0.39,-11,590,5,1,0,-1,0,1,-1,-1
3917,150,1,2,5,4,1,64,4,13,1,9,0.69,1,0,13,6,2,17,8,21,16,9999.99,9999.99,9999.99,9999.99,9999.99,9999.99,9999.99,14.76,2.49,2.4,0.84,0.71,5.99,578,5,3.83,4.63,61586.48,0.85,-113.11,-0.02,-20.14,0,0,9.99,0,0,0,0,5,1,0,-1,0,1,-1,-1
3974,9,2,8,6,1,1,37,4,38,1,9,0.69,1,1,38,2,1030,14,12,21,7,9999.99,9999.99,9999.99,9999.99,9999.99,9999.99,9999.99,7.46,1.5,1.06,3.14,0.71,7.06,690,4.93,2.48,7.32,46426.59,1.28,237.46,-1.35,-61.79,92,3.3,1.39,7.25,0.43,-1,40,4,1,1,-1,0,1,-1,0
3992,2,2,8,6,6,0,56,2,70,5,2,1.78,1,2,105,3,550,5,12,21,6,9999.99,9999.99,9999.99,9999.99,9999.99,9999.99,9999.99,5.28,1,1.71,2.58,0.71,5.49,636,4.86,4.23,3.52,57431.97,0.92,-155.75,0,-9.03,85,2.84,1.1,10.89,0.1,-1,10,1,1,1,0,0,1,-1,0
4042,823,2,1,1,1,1,52,1,13,2,2,0.69,2,2,40,26,507,12,14,22,60,20.79,3.76,10.86,4.69,1,2.81,0,53.04,10.49,4.28,10.98,1.42,5.46,717,4.75,3.89,3.69,43062.53,0.83,68.18,-0.24,5.3,0,0,9.99,0,0,0,0,4,1,1,-1,0,1,0,-1
4068,9,2,8,1,1,1,47,4,38,1,9,0.69,1,1,38,0,0,5,13,21,4,9999.99,9999.99,9999.99,9999.99,9999.99,9999.99,9999.99,0,0,1.01,1.92,0.71,5.44,582,4.66,4.41,3.99,60958.12,0.83,176.24,-0.03,-28.21,0,0,9.99,0,0,0,0,5,1,1,-1,0,0,-1,1
4091,64,2,8,5,6,0,39,2,53,2,1,1.47,2,1,65,8,607,1,13,21,22,9999.99,9999.99,9999.99,9999.99,9999.99,9999.99,9999.99,15.26,2,6.75,6.45,0.71,5.81,732,5.17,2.08,2.12,24627.13,1,-85.71,-0.17,29.88,0,0,9.99,0,0,0,1,1,1,1,1,0,0,-1,-1
4154,24,2,2,5,1,1,22,4,13,3,1,1.43,9,9,0,2,244,6,14,21,7,9999.99,9999.99,9999.99,9999.99,9999.99,9999.99,9999.99,5.83,2.5,1.96,1.86,0.71,5.05,656,4.82,4.09,2.86,44722.4,0.91,-100.51,-0.04,49.76,0,0,9.99,0,0,0,0,5,1,0,-1,0,1,-1,0
4158,987,2,8,1,1,0,47,1,70,4,1,0.61,3,-50,0,44,124,2,0,0,78,27.9,0.4,11.56,3.08,0.49,3.86,1,9999.99,9999.99,9999.99,9999.99,9999.99,6.57,642,4.8,4.66,5.56,48094.04,1.35,-254.63,-0.22,-22.8,100,3.53,0,0,0,0,0,3,1,1,0,0,-1,1,-1
4173,303,2,1,1,1,1,26,1,18,4,2,1.78,9,9,0,18,118,1,3,20,50,9999.99,9999.99,9999.99,9999.99,9999.99,9999.99,9999.99,29.79,1.11,3.38,6.94,0.71,6.1,607,4.84,4.5,7.05,75254.34,1.27,-36.43,0.41,-28.77,63,2.48,1.1,10.89,0.25,-1,550,2,1,1,0,0,1,-1,-1
4304,198,2,6,5,1,0,45,1,33,2,1,1.47,2,2,60,4,59,3,13,21,11,9999.99,9999.99,9999.99,9999.99,9999.99,9999.99,9999.99,9.57,1.09,0.84,7.37,0.71,6.56,643,4.76,4.61,5.55,59053.04,1.2,-290.9,0.2,32.68,0,0,9.99,0,0,0,0,1,1,1,0,0,1,-1,-1
4306,198,2,1,1,1,1,31,1,28,2,1,1.47,2,2,60,4,137,2,13,21,11,9999.99,9999.99,9999.99,9999.99,9999.99,9999.99,9999.99,12.14,1.33,1.2,5.16,0.71,6.56,635,4.82,4.64,5.5,45490.43,1.38,-246.79,-0.2,-38.3,0,0,9.99,0,0,0,0,1,1,1,0,0,1,-1,-1
4308,846,2,1,1,1,1,40,1,23,3,2,0.78,2,2,50,24,286,10,9,21,49,24.21,2.23,6.5,4.14,0.33,3.21,0,50.31,11.75,3.12,9.18,1.42,6.61,685,4.73,4.74,5.09,47493.77,1.34,-156.84,0.04,-57.79,0,0,9.99,0,0,0,0,5,1,1,-1,0,1,0,-1
4350,117,2,1,1,1,1,22,2,3,5,2,1.78,9,9,0,8,101,9,11,21,23,9999.99,9999.99,9999.99,9999.99,9999.99,9999.99,9999.99,14.32,1.88,1.97,8.07,0.71,6.01,654,4.68,4.8,5.8,55829.55,1.24,-122.95,0.43,-54.33,76,3.31,1.1,81.55,0.52,1,640,9,1,1,-1,0,1,-1,-1
4365,29,2,1,1,1,1,34,4,23,4,1,0.89,-50,-50,0,1,296,9,14,22,4,9999.99,9999.99,9999.99,9999.99,9999.99,9999.99,9999.99,5.55,2.16,2.51,2.14,0.71,6.36,631,4.79,4.64,5.76,45299.31,1.28,-266.56,0.08,-66.62,0,0,9.99,0,0,0,0,5,1,1,-1,0,1,-1,0
4383,147,1,1,1,1,0,60,4,28,2,9,0.8,2,1,30,5,192,5,9,21,24,9999.99,9999.99,9999.99,9999.99,9999.99,9999.99,9999.99,8.31,1,2.67,3.35,0.71,5.4,603,4.66,4.47,3.84,50525.13,0.9,80.32,0.05,-33.1,0,0,9.99,0,0,0,0,5,1,0,-1,0,1,-1,-1
4489,855,2,2,1,2,1,28,1,48,3,3,0.78,9,9,0,37,550,5,17,22,76,33.22,3.76,7.91,1.71,1,4.11,0,63.03,16,1.71,6.88,1.42,5.49,636,4.86,4.23,3.52,57431.97,0.92,-155.75,0,-9.03,85,2.84,1.1,10.89,0.1,-1,10,1,4,1,1,0,0,0,-1
4506,337,2,8,1,1,0,30,1,28,3,1,1.72,9,9,0,27,273,9,4,20,55,9999.99,0,9999.99,4.6,0,2.1,1,47.33,6.27,3.15,7.37,0.71,6.3,639,4.78,4.69,5.7,45672.77,1.27,-260.05,0.16,-60.36,0,0,9.99,0,0,0,0,1,1,1,0,0,0,1,-1
4508,337,2,8,1,1,1,29,1,33,3,1,1.72,9,9,0,27,296,9,4,20,55,9999.99,0,9999.99,3.92,0,2.1,1,47.2,6.26,2.74,7.37,0.71,6.36,631,4.79,4.64,5.76,45299.31,1.28,-266.56,0.08,-66.62,0,0,9.99,0,0,0,0,2,1,1,0,0,0,1,-1
4513,184,2,1,1,1,1,57,1,100,2,1,1.47,-50,-50,0,12,154,10,8,21,35,9999.99,9999.99,9999.99,9999.99,9999.99,9999.99,9999.99,25.87,4.67,2.2,3.83,0.71,6.54,691,4.81,4.62,6.3,56711.41,1.17,46.62,0.17,-26.32,0,0,9.99,0,0,0,0,1,1,1,0,0,1,-1,-1
4527,985,2,1,1,1,1,60,1,28,3,2,0.78,9,9,0,43,296,9,0,0,76,22.13,0,16.58,3.92,0,3.15,1,9999.99,9999.99,9999.99,9999.99,9999.99,6.36,631,4.79,4.64,5.76,45299.31,1.28,-266.56,0.08,-66.62,0,0,9.99,0,0,0,1,1,1,1,0,0,-1,1,-1
4612,36,2,1,8,1,1,29,4,23,3,9,0.74,2,2,45,1,207,10,14,22,6,9999.99,9999.99,9999.99,9999.99,9999.99,9999.99,9999.99,4.91,1.33,4.3,1.72,0.71,6.46,690,4.81,4.73,5.24,47551.11,1.22,-120.49,0.31,-36.57,0,0,9.99,0,0,0,0,5,1,1,-1,0,0,-1,1
4618,303,2,6,4,1,0,63,1,33,3,9,0.64,9,9,0,20,327,2,5,20,49,9999.99,9999.99,9999.99,9999.99,9999.99,9999.99,9999.99,32.63,2.09,3.44,7.29,0.71,6.68,637,4.89,4.48,5.92,57875.27,1.29,5.96,-0.16,-37.95,0,0,9.99,0,0,0,0,5,1,1,-1,0,1,-1,-1
4634,776,2,4,2,1,0,55,2,28,2,1,0.62,1,1,28,36,294,5,27,22,71,27.92,3.54,2.3,3.21,1,3.31,1,52.2,15,4.73,2.71,1.42,5.43,588,4.72,4.39,3.86,69863.31,0.87,-39.17,0.08,-48.58,84,2.83,0.69,81,0.57,6,771,1,1,1,1,0,0,0,-1
4684,379,2,8,1,1,0,29,1,38,4,1,1.87,9,9,0,26,334,7,9,20,56,9999.99,9999.99,9999.99,9999.99,9999.99,9999.99,9999.99,54.77,5.14,1.9,3.64,0.71,5.8,622,5.12,3.61,4.73,80921.03,0.87,-103.15,-0.32,-17.17,79,2.64,0,0,0,0,0,4,1,1,-1,0,1,-1,-1
4690,243,2,8,1,2,1,28,1,48,2,1,1.47,2,2,95,11,240,5,13,22,35,9999.99,9999.99,9999.99,9999.99,9999.99,9999.99,9999.99,21.75,2.19,2.81,2.18,0.71,5.43,581,4.72,4.39,3.86,66423.34,0.87,3.12,0.08,-41.43,0,0,9.99,0,0,0,0,1,1,1,0,0,1,-1,-1
4710,754,2,8,1,1,0,38,1,43,2,2,0.69,2,2,55,20,240,5,5,20,53,9999.99,9999.99,9999.99,9999.99,9999.99,9999.99,9999.99,32.71,3.33,2.51,11.25,1.42,5.43,581,4.72,4.39,3.86,66423.34,0.87,3.12,0.08,-41.43,0,0,9.99,0,0,0,0,1,2,1,0,0,1,-1,-1
4751,91,2,1,1,1,1,39,4,13,4,1,0.89,-50,-50,0,15,223,2,9,21,35,9999.99,9999.99,9999.99,9999.99,9999.99,9999.99,9999.99,30.01,2.69,3.58,5.01,0.71,6.7,599,4.84,4.44,6.14,59984.64,1.48,-35.37,-0.21,-4.44,0,0,9.99,0,0,0,0,5,1,1,-1,0,1,-1,-1
4780,28,2,8,6,2,0,44,4,28,1,9,0.69,1,1,28,1,562,11,14,22,2,9999.99,9999.99,9999.99,9999.99,9999.99,9999.99,9999.99,0,0,2.45,4.61,0.71,5.98,610,4.96,4.08,4.16,55933.46,1,-231.74,-0.37,-34.26,0,0,9.99,0,0,0,0,5,1,1,-1,0,0,-1,1
4815,155,2,8,5,2,1,0,4,38,2,9,0.8,9,9,0,1,490,17,11,21,6,9999.99,9999.99,9999.99,9999.99,9999.99,9999.99,9999.99,0,0,2.81,3.94,0.71,6.29,572,5.07,3.58,5.2,45992.25,0.82,29.75,-0.09,40.42,94,3.33,0.69,0,0.01,0,0,5,3,0,-1,0,0,-1,1
4821,140,2,8,1,1,0,39,4,28,4,9,0.46,9,9,0,8,103,4,8,21,28,9999.99,9999.99,9999.99,9999.99,9999.99,9999.99,9999.99,11.24,1,1.32,6.49,0.71,6.31,647,4.78,4.59,6.82,52346.57,1.07,3.42,-0.21,-28.99,0,0,9.99,0,0,0,0,5,1,1,-1,0,1,-1,-1
4906,307,2,1,1,1,1,26,4,18,2,9,0.8,9,9,0,17,273,9,3,20,46,9999.99,9999.99,9999.99,9999.99,9999.99,9999.99,9999.99,29.32,1.34,3.07,4.15,0.71,6.3,639,4.78,4.69,5.7,45672.77,1.27,-260.05,0.16,-60.36,0,0,9.99,0,0,0,0,5,1,1,-1,0,1,-1,-1
4967,534,2,1,1,2,0,24,2,100,5,3,1.42,3,3,0,67,342,9,0,0,88,49.8,0.45,9.13,5.18,0.15,3.51,1,9999.99,9999.99,9999.99,9999.99,9999.99,6.24,667,4.72,4.8,5.47,45643.17,1.38,-271.67,0.19,-59.72,0,0,9.99,0,0,0,0,5,1,1,-1,0,-1,1,-1
4979,140,2,8,1,1,1,25,4,18,1,9,0.69,1,1,18,7,296,5,8,21,29,9999.99,9999.99,9999.99,9999.99,9999.99,9999.99,9999.99,10.34,1.31,2.78,6.6,0.71,5.43,588,4.72,4.39,3.86,69995.55,0.87,-41.18,0.08,-48.93,82,2.83,0.69,81,0.57,6,770,5,1,1,-1,0,1,-1,-1
4981,219,2,8,1,1,0,58,1,38,3,2,1.78,3,3,73,14,192,3,16,22,30,11.54,1.27,1.47,2.63,0.83,2.26,1,41.48,5,1.97,1.25,0.71,6.57,661,4.72,4.71,5.2,58983.61,1.32,-299.72,-0.01,-14.3,44,2.44,1.1,486.89,0.54,6,880,1,1,1,1,0,0,0,-1
5028,81,2,2,1,1,1,28,4,23,1,9,0.69,1,0,23,5,296,9,13,22,15,9999.99,9999.99,9999.99,9999.99,9999.99,9999.99,9999.99,16.2,1.27,2,1.03,0.71,6.36,631,4.79,4.64,5.76,45299.31,1.28,-266.56,0.08,-66.62,0,0,9.99,0,0,0,0,5,1,0,-1,0,1,-1,-1
5068,960,2,8,1,2,0,27,1,48,2,1,0.62,2,2,90,57,233,4,0,0,97,36.79,2.43,13.95,2.46,1,4.41,1,9999.99,9999.99,9999.99,9999.99,9999.99,6.19,642,4.81,4.55,6.48,58543.54,1.03,-17.77,-0.04,-46.47,62,1.95,0,0,0,0,0,2,3,1,0,0,-1,1,-1
5086,195,2,2,1,1,0,58,1,48,2,1,1.47,9,9,0,5,417,3,12,21,17,9999.99,9999.99,9999.99,9999.99,9999.99,9999.99,9999.99,8.93,2.43,4,5.72,0.71,6.35,598,4.66,4.38,6.99,61537.25,1.24,-62.57,-0.06,117.45,21,2.09,1.79,886.33,0.02,1,730,1,1,1,1,0,0,-1,-1
5131,734,2,1,1,1,1,25,1,23,5,4,1.42,4,4,100,30,104,2,4,20,54,24.21,0.61,23.15,2.12,0.74,2.26,0,44.69,13.9,1.69,11.48,1.42,6.65,622,4.79,4.56,5.79,57941.46,1.43,-165.06,-0.24,-5.35,0,0,9.99,0,0,0,0,3,3,1,0,0,1,0,-1
5139,179,1,1,1,1,1,21,4,18,1,9,0.69,1,1,18,4,261,5,11,21,23,9999.99,9999.99,9999.99,9999.99,9999.99,9999.99,9999.99,8.98,2.76,2,1.98,0.71,4.97,564,4.66,4.25,3.44,59820,0.74,172.99,-0.17,25.97,73,4.09,0,0,0,0,0,5,1,1,-1,0,1,-1,-1
5157,217,2,1,5,1,1,33,4,18,1,1,1.16,1,1,18,16,758,4,17,22,32,11.54,2.76,1.73,5.95,0.91,2.26,1,40.22,4.8,6.12,2.8,0.71,5.11,692,4.54,4.17,3.06,63856.28,0.84,154.12,-0.34,30.57,85,4.46,1.1,0,0.65,0,0,9,1,1,-1,0,1,0,-1
5164,895,2,8,1,1,0,49,2,23,2,1,0.62,2,1,45,36,118,1,10,21,78,34.63,0,1.55,3.88,0,3.45,0,9999.99,9999.99,9999.99,9999.99,1.42,6.1,607,4.84,4.5,7.05,75254.34,1.27,-36.43,0.41,-28.77,63,2.48,1.1,10.89,0.25,-1,550,1,1,1,0,0,0,1,-1
5183,193,2,8,1,1,0,32,2,33,2,9,0.69,2,2,133,4,211,17,11,21,22,9999.99,9999.99,9999.99,9999.99,9999.99,9999.99,9999.99,7.05,1,1.44,3.96,0.71,6.22,561,4.97,3.81,5.24,62059.38,0.82,5.55,-0.04,-17.42,0,0,9.99,0,0,0,0,5,1,1,-1,0,1,-1,-1
5185,193,2,8,6,1,0,37,2,70,2,9,0.69,2,2,133,3,762,18,12,21,16,9999.99,9999.99,9999.99,9999.99,9999.99,9999.99,9999.99,6.42,1.58,4.14,3.96,0.71,5.02,737,4.81,3.37,6.23,66105.73,1.03,239.16,-0.43,-40.01,40,2.08,0,0,0,0,0,5,1,1,-1,0,0,-1,1
5378,671,2,8,1,1,0,49,1,43,3,1,0.58,1,2,43,18,255,6,5,20,54,9999.99,9999.99,9999.99,9999.99,9999.99,9999.99,9999.99,30.36,1.83,3.02,4.56,1.42,5.24,557,4.73,4.22,4.48,58990.65,0.68,156.71,0.07,48.72,68,2.85,1.39,192.25,0.49,0,300,4,1,1,-1,0,1,-1,-1
5389,241,2,1,1,1,1,23,4,18,2,1,1.47,2,2,40,11,1451,1,12,22,36,9999.99,9999.99,9999.99,9999.99,9999.99,9999.99,9999.99,30.47,5.13,4.42,1.36,0.71,3.32,686,4.22,3.4,2.51,42918.23,0.36,153.65,0,-46.13,92,2.3,0,0,0,0,0,5,1,1,-1,0,1,-1,-1
5494,9,2,8,1,1,0,37,4,28,2,9,0.8,2,2,60,1,343,6,13,21,4,9999.99,9999.99,9999.99,9999.99,9999.99,9999.99,9999.99,0.42,0.55,3.83,3.44,0.71,5.38,624,4.74,4.22,3.92,65434.12,0.66,114.42,-0.03,34.85,0,0,9.99,0,0,0,0,5,1,1,-1,0,0,-1,1
5605,780,2,3,5,1,0,29,1,33,3,2,0.78,2,2,0,39,223,17,26,22,105,21.56,5.66,12.29,3.38,1,3.31,1,66.14,19.08,2.44,7.13,1.42,6.22,555,5.08,3.64,5.07,52585.39,0.78,35.15,-0.07,33.97,60,2.27,1.61,802.24,0.11,-3,171,2,1,1,0,0,0,1,-1
5639,202,2,8,6,2,1,49,2,38,4,9,0.48,-50,-50,0,5,445,5,12,21,19,9999.99,9999.99,9999.99,9999.99,9999.99,9999.99,9999.99,18.8,1.5,2.16,3.13,0.71,5.31,564,4.77,4.17,3.91,48275.38,0.8,-10.44,0.06,13.96,82,2.83,1.1,50.67,0.84,5,830,5,1,1,-1,0,1,-1,-1
5672,310,2,2,1,1,0,60,4,13,3,1,1.43,9,9,0,19,641,9,3,20,41,9999.99,9999.99,9999.99,9999.99,9999.99,9999.99,9999.99,34.35,3.1,5.82,3.21,0.71,5.04,570,4.53,4.49,4.51,67952.95,0.98,218.58,0.47,81.72,63,3.05,0,0,0,0,0,3,1,1,1,0,0,-1,-1
5712,281,2,8,1,1,0,43,1,53,4,2,0.56,9,9,0,21,233,4,5,20,44,9999.99,9999.99,9999.99,9999.99,9999.99,9999.99,9999.99,39.35,3.95,2.51,4.82,0.71,6.19,642,4.81,4.55,6.48,58538.11,1.03,-18.77,-0.04,-46.71,62,1.95,0,0,0,0,0,2,2,1,0,1,0,-1,-1
5903,236,1,9,1,1,1,35,1,33,6,2,1.78,-50,-50,0,14,181,10,14,21,41,9999.99,9999.99,9999.99,9999.99,9999.99,9999.99,9999.99,33.14,5.31,2.04,4,0.71,6.04,648,4.7,4.74,6.15,54392.49,1.2,-60.78,0.54,-34.41,38,4.75,0.69,169,0.06,-3,160,1,1,1,0,0,1,-1,-1
5909,142,2,1,1,1,1,59,4,18,1,9,0.69,1,0,18,8,319,9,7,21,23,9999.99,9999.99,9999.99,9999.99,9999.99,9999.99,9999.99,20.38,2.28,3.06,2.66,0.71,5.78,584,4.7,4.62,6.99,53752.04,1.23,40.51,0.69,11.2,71,2.28,1.61,505.84,0.16,5,740,5,1,0,-1,0,1,-1,-1
5939,816,2,1,1,1,1,58,3,23,2,2,0.42,2,2,0,25,249,2,17,22,59,20.79,0,9.15,4.28,0,2.1,0,55.47,4.98,3.01,8.11,1.42,6.62,644,4.87,4.55,5.81,59626.53,1.43,-62.17,-0.18,-30.84,0,0,9.99,0,0,0,0,1,1,1,0,0,0,1,-1
5955,345,2,1,6,1,1,50,1,18,3,2,1.78,2,-50,40,18,1599,11,4,21,41,9999.99,9999.99,9999.99,9999.99,9999.99,9999.99,9999.99,39.62,4.9,2.21,7.03,0.71,6.37,649,4.76,2.48,6.9,85302.59,0.72,92.24,-0.9,-112.6,0,0,9.99,0,0,0,0,5,1,0,-1,0,1,-1,-1
6068,31,2,1,8,1,1,23,4,23,1,9,0.69,1,1,23,4,762,8,12,22,8,9999.99,9999.99,9999.99,9999.99,9999.99,9999.99,9999.99,11.88,4.99,2.59,0.99,0.71,5.1,655,4.76,2.48,5.3,101567.67,0.75,-179.76,0.21,-118.8,48,3.53,0,0,0,0,0,5,1,1,-1,0,0,-1,1
6222,811,2,1,1,1,1,25,4,18,2,2,0.42,1,2,25,20,240,5,13,22,53,20.79,3.54,5.95,2.72,1,2.81,0,39.1,4.69,2.81,4.26,1.42,5.43,581,4.72,4.39,3.86,66423.34,0.87,3.12,0.08,-41.43,0,0,9.99,0,0,0,0,1,1,1,0,0,1,0,-1
6277,234,2,8,6,2,1,44,1,28,2,1,1.47,2,2,75,11,1143,12,13,21,37,9999.99,9999.99,9999.99,9999.99,9999.99,9999.99,9999.99,26.1,4.16,5.37,3.98,0.71,6.98,794,4.92,3.22,6.35,31116.16,0.95,-127.91,-0.83,-12.34,0,0,9.99,0,0,0,0,1,1,1,0,0,1,-1,-1
6287,158,2,8,1,1,1,40,4,28,1,1,1.14,1,1,28,4,507,12,10,21,15,9999.99,9999.99,9999.99,9999.99,9999.99,9999.99,9999.99,9.86,1.52,2.79,6.54,0.71,5.46,717,4.75,3.89,3.69,43062.53,0.83,68.18,-0.24,5.3,0,0,9.99,0,0,0,0,1,1,1,0,0,1,-1,-1
6294,190,2,8,1,1,1,27,2,43,1,1,1.14,1,1,43,8,233,4,11,21,22,9999.99,9999.99,9999.99,9999.99,9999.99,9999.99,9999.99,12.24,2.27,2.12,3.67,0.71,6.19,642,4.81,4.55,6.48,58538.11,1.03,-18.77,-0.04,-46.71,62,1.95,0,0,0,0,0,1,1,1,0,0,1,-1,-1
6318,810,2,1,6,1,1,25,4,18,2,1,0.52,2,2,50,22,133,11,15,22,57,20.79,2.59,5.28,0.55,1,2.81,0,42.94,4.5,0.55,2.98,1.42,6.56,669,4.81,4.43,6.51,58154.67,1.12,62.77,-0.13,-63.68,86,4.08,0,0,0,0,0,5,1,1,-1,0,1,0,-1
6359,69,2,8,1,1,0,34,1,38,2,1,1.47,2,2,75,8,196,9,13,22,27,9999.99,9999.99,9999.99,9999.99,9999.99,9999.99,9999.99,17.56,2,2.39,4.34,0.71,5.82,589,4.7,4.63,6.55,54754.06,1.28,-19.36,0.52,-13.49,64,2.33,1.39,165.19,0.19,-3,961,2,1,1,1,0,0,-1,-1
6421,892,2,1,1,1,1,23,4,18,2,2,0.42,2,2,50,34,296,9,9,21,69,28.33,0,7.21,3.92,0,3.1,0,61.2,6.27,3.05,5.65,1.42,6.36,631,4.79,4.64,5.76,45299.31,1.28,-266.56,0.08,-66.62,0,0,9.99,0,0,0,0,1,1,1,0,0,0,1,-1
6431,175,2,8,1,1,1,28,4,18,3,1,1.43,3,3,68,13,593,13,5,21,33,9999.99,9999.99,9999.99,9999.99,9999.99,9999.99,9999.99,28.38,2.23,5.57,0.56,0.71,6.46,600,4.99,3.43,5.79,51817.35,0.68,10.47,0.07,13.88,74,3.01,1.1,417.56,0.99,-10,850,5,1,1,-1,0,1,-1,-1
6437,671,2,1,1,1,1,27,4,100,2,1,0.52,2,1,0,20,323,3,6,20,52,9999.99,9999.99,9999.99,9999.99,9999.99,9999.99,9999.99,32.35,1.97,3.38,1.55,1.42,6.64,599,4.78,4.5,6.02,66019.63,1.31,-128.82,0.09,82.98,62,3.45,0.69,784,1.33,-32,240,5,1,0,-1,0,1,-1,-1
6443,237,2,1,1,2,1,32,4,18,3,1,1.43,3,2,58,17,623,4,14,22,40,9999.99,9999.99,9999.99,9999.99,9999.99,9999.99,9999.99,36.68,4.41,5.31,3.62,0.71,5.67,658,4.42,4.09,3.25,57516.94,0.93,72.34,-0.35,52.67,57,3.01,1.79,495.33,0.72,-10,480,4,1,0,-1,0,1,-1,-1
6453,20,2,3,1,2,0,28,5,23,1,9,0.69,1,1,23,3,587,10,13,21,7,9999.99,9999.99,9999.99,9999.99,9999.99,9999.99,9999.99,11.5,2.94,3.51,0.52,0.71,5.23,604,4.68,4.5,4.52,53673.54,1.08,156.69,0.9,94.69,68,3.18,0.69,841,0.16,11,760,4,1,1,-1,0,1,-1,-1
6493,20,1,8,5,4,0,55,4,18,1,9,0.69,1,1,18,3,550,9,13,21,7,9999.99,9999.99,9999.99,9999.99,9999.99,9999.99,9999.99,7.01,1.56,4.95,5.17,0.71,5.22,536,4.58,4.48,4.78,60680.34,1.07,181.91,0.52,61.03,80,2.31,1.39,510.5,0.34,4,70,5,1,1,-1,0,0,-1,1
6519,57,2,8,8,6,0,44,2,23,2,3,1.12,9,9,0,4,1086,1,12,21,6,9999.99,9999.99,9999.99,9999.99,9999.99,9999.99,9999.99,12.57,2.74,1.61,2.88,0.71,4.31,559,4.41,4.13,3.66,71396,0.79,252.87,0.42,88.44,90,2.65,1.1,2,0.07,0,290,2,1,1,1,0,0,-1,-1
6537,266,2,6,4,1,0,49,1,43,4,2,1.78,9,9,0,20,296,9,8,21,46,9999.99,9999.99,9999.99,9999.99,9999.99,9999.99,9999.99,32.86,8.77,3.05,10.48,0.71,6.36,631,4.79,4.64,5.76,45299.31,1.28,-266.56,0.08,-66.62,0,0,9.99,0,0,0,0,1,1,1,1,0,0,-1,-1
6627,301,1,8,4,4,0,0,4,100,2,1,1.77,2,2,0,21,573,4,5,20,50,9999.99,9999.99,9999.99,9999.99,9999.99,9999.99,9999.99,38.97,3.47,3.91,4.7,0.71,5.34,667,4.59,4.3,2.89,55970.52,0.9,57.83,-0.22,39.45,65,2.54,1.61,572,0.33,5,771,1,2,1,1,0,0,-1,-1
6667,179,1,1,1,1,1,59,4,8,2,1,1.77,-50,-50,0,5,161,17,10,21,21,9999.99,9999.99,9999.99,9999.99,9999.99,9999.99,9999.99,9.16,2.02,0.72,3.27,0.71,6.22,563,4.97,3.81,5.24,61565.42,0.82,-19.74,-0.04,-22.78,72,4.72,0,0,0,0,0,1,1,1,0,0,1,-1,-1
6706,814,2,1,1,1,1,42,1,23,2,2,0.69,2,2,65,30,277,11,18,22,69,21.53,2.59,11.85,1.08,1,3.31,0,61.5,7.69,1.08,3.73,1.42,6.14,640,4.91,4.23,4.06,56394.29,1.12,-88.58,-0.16,-41.71,75,4.51,0.69,42.25,0.19,2,831,1,1,1,0,0,0,1,-1
6708,814,2,8,1,1,0,40,1,43,2,2,0.69,2,2,65,29,341,2,19,22,67,21.53,0,11.85,2.15,0,2.6,0,64.31,7.85,1.68,3.73,1.42,6.6,606,4.94,4.51,5.88,51352.88,1.32,-151.82,-0.11,-39.13,0,0,9.99,0,0,0,1,1,1,1,0,0,0,1,-1
6739,65,2,1,1,1,1,30,4,18,2,9,0.8,2,1,35,7,121,10,14,21,25,9999.99,9999.99,9999.99,9999.99,9999.99,9999.99,9999.99,15.32,2,0.52,3.93,0.71,6.18,677,4.81,4.69,6.07,57540.11,1.18,17.94,0.59,-10.83,84,2.07,1.1,1.56,0.18,0,270,5,1,0,-1,0,1,-1,-1
6821,9,2,8,1,1,0,34,4,38,1,9,0.69,1,1,38,2,231,11,12,21,5,9999.99,9999.99,9999.99,9999.99,9999.99,9999.99,9999.99,2.54,1.58,4.43,5.12,0.71,6.49,652,4.83,4.47,6.67,62968.18,1.08,20.29,-0.24,-65.15,96,1.95,0,0,0,0,0,5,1,1,-1,0,0,-1,1
6829,144,2,1,1,1,1,49,4,23,2,9,0.8,1,0,25,7,145,7,8,21,25,9999.99,9999.99,9999.99,9999.99,9999.99,9999.99,9999.99,18.73,4.44,0.23,1.01,0.71,5.87,621,5.11,3.76,4.07,70716.16,0.87,-140.75,-0.31,4.78,27,2.71,0,0,0,0,0,5,1,0,-1,0,1,-1,-1
6859,147,2,8,1,1,1,31,4,28,3,1,1.43,9,9,0,7,207,10,8,21,24,9999.99,9999.99,9999.99,9999.99,9999.99,9999.99,9999.99,12.72,1.48,3.69,5.86,0.71,6.46,690,4.81,4.73,5.24,47551.11,1.22,-120.49,0.31,-36.57,0,0,9.99,0,0,0,0,1,1,1,0,0,1,-1,-1
6904,473,2,8,1,1,0,40,1,43,1,1,0.38,1,1,43,65,277,11,0,0,90,49.8,2.59,6.42,1.08,1,3.51,1,9999.99,9999.99,9999.99,9999.99,9999.99,6.14,640,4.91,4.23,4.06,56394.29,1.12,-88.58,-0.16,-41.71,75,4.51,0.69,42.25,0.19,2,830,1,2,1,0,0,-1,1,-1
6916,129,2,1,1,1,1,64,1,100,1,1,1.16,1,1,0,11,207,10,6,21,34,9999.99,9999.99,9999.99,9999.99,9999.99,9999.99,9999.99,16.69,1.48,3.69,9.3,0.71,6.46,690,4.81,4.73,5.24,47551.11,1.22,-120.49,0.31,-36.57,0,0,9.99,0,0,0,0,1,1,1,0,0,1,-1,-1
7024,1084,2,1,1,1,1,48,1,28,2,1,0.62,2,2,65,47,334,7,0,0,81,47.58,5.66,1.7,1.9,1,5.31,0,9999.99,9999.99,9999.99,9999.99,9999.99,5.8,622,5.12,3.61,4.73,80921.03,0.87,-103.15,-0.32,-17.17,79,2.64,0,0,0,0,1,1,1,1,0,1,-1,0,-1
7033,1084,2,8,1,1,0,63,1,38,2,1,0.62,2,2,65,47,60,7,0,0,79,47.58,5.66,1.7,1.29,1,5.31,0,9999.99,9999.99,9999.99,9999.99,9999.99,5.89,599,5.02,3.81,4.53,60944,0.84,-143.43,0,-17.63,0,0,9.99,0,0,0,1,1,1,1,1,0,-1,0,-1
7077,20,2,8,1,1,1,28,4,28,2,2,1.12,2,2,55,5,1443,1,12,21,8,9999.99,9999.99,9999.99,9999.99,9999.99,9999.99,9999.99,15.24,3.83,4.53,1.89,0.71,3.29,671,4.14,3.5,2.35,44796.24,0.41,87.71,-0.05,-39.16,72,3,1.61,153.04,0.27,1,161,1,1,1,1,0,0,-1,-1
7159,3,2,8,1,1,0,55,4,70,1,9,0.69,1,0,100,2,838,11,11,21,9,9999.99,9999.99,9999.99,9999.99,9999.99,9999.99,9999.99,5.93,2.62,1.44,3.96,0.71,5.88,688,4.96,4.06,3.94,52981.17,1.01,-197.57,-0.15,-3.77,53,3.02,0.69,0.25,0.15,0,190,5,1,0,-1,0,1,-1,0
7193,1039,2,9,1,1,0,34,2,18,4,2,1.42,1,2,0,69,340,2,0,0,97,25.6,0.67,36.52,3.52,0.82,5.01,1,9999.99,9999.99,9999.99,9999.99,9999.99,6.66,603,4.78,4.48,6.15,67336.89,1.24,-110.72,0.05,47.87,61,2.94,0.69,0,0.21,0,0,1,1,1,0,0,-1,1,-1
7211,127,1,4,2,1,1,69,1,8,3,9,0.64,9,9,0,12,1310,1,5,21,35,9999.99,9999.99,9999.99,9999.99,9999.99,9999.99,9999.99,24.98,3.74,4.62,6.65,0.71,3.57,629,4.22,3.64,3.25,44512.71,0.41,152.82,0.07,-5.49,48,2.47,1.95,10.82,0.09,0,170,5,1,0,-1,0,1,-1,-1
7214,127,2,4,2,1,1,73,1,3,3,9,0.64,9,9,0,12,1310,1,5,21,35,9999.99,9999.99,9999.99,9999.99,9999.99,9999.99,9999.99,24.98,3.74,4.62,6.65,0.71,3.57,629,4.22,3.64,3.25,44512.71,0.41,152.82,0.07,-5.49,48,2.47,1.95,10.82,0.09,0,170,5,1,0,-1,0,1,-1,-1
7237,1037,2,8,1,1,0,37,1,48,4,1,0.61,2,2,48,71,758,4,0,0,100,28.73,2.76,32.42,5.95,0.91,5.01,1,9999.99,9999.99,9999.99,9999.99,9999.99,5.11,692,4.54,4.17,3.06,63856.28,0.84,154.12,-0.34,30.57,85,4.46,1.1,0,0.65,0,0,2,1,1,1,0,-1,0,-1
7308,855,2,8,1,1,0,27,3,48,2,2,0.42,2,2,80,37,207,10,17,22,75,37.34,1.64,6.07,2.52,1,4.11,0,72.88,16,2.52,4.9,1.42,6.46,690,4.81,4.73,5.24,47551.11,1.22,-120.49,0.31,-36.57,0,0,9.99,0,0,0,0,1,1,1,0,0,0,1,-1
7312,855,2,8,1,2,1,28,3,33,2,2,0.42,2,2,80,38,167,2,18,22,73,37.34,0.38,6.07,3.78,0.38,4.11,0,75.25,16.41,3.22,4.9,1.42,6.67,608,4.88,4.5,5.86,53821.4,1.51,-94.51,-0.23,-10.05,41,3.26,0,0,0,0,0,1,1,1,0,0,0,1,-1
7448,193,2,2,1,1,0,40,1,70,4,9,0.48,2,2,123,5,368,17,11,21,0,9999.99,9999.99,9999.99,9999.99,9999.99,9999.99,9999.99,6.83,1,4.87,5,0.71,5.68,621,4.78,3.95,4.07,47833.08,0.93,-81.2,0.24,-27.35,0,0,9.99,0,0,0,0,3,1,1,-1,0,1,-1,-1
7519,119,2,8,1,1,0,43,4,23,1,9,0.69,1,0,23,7,342,9,11,21,19,9999.99,9999.99,9999.99,9999.99,9999.99,9999.99,9999.99,12.18,1.75,3.86,1.91,0.71,6.24,667,4.72,4.8,5.47,45643.17,1.38,-271.67,0.19,-59.72,0,0,9.99,0,0,0,0,4,1,0,-1,0,1,-1,-1
7631,66,2,8,1,1,1,45,4,33,4,2,0.56,3,2,90,9,1190,2,16,21,28,9999.99,9999.99,9999.99,9999.99,9999.99,9999.99,9999.99,21.17,3.97,3.91,2.84,0.71,4.65,666,4.49,3.37,3.37,63938.41,0.9,340.12,-0.18,8.72,95,3.32,0.69,2.25,0.05,0,350,5,1,1,1,0,0,-1,-1
7633,66,1,3,1,6,1,22,4,8,4,2,0.56,3,2,90,8,368,17,14,21,27,9999.99,9999.99,9999.99,9999.99,9999.99,9999.99,9999.99,12.04,1.06,4.67,2.84,0.71,5.68,621,4.78,3.95,4.07,47833.08,0.93,-81.2,0.24,-27.35,0,0,9.99,0,0,0,0,5,1,0,-1,0,1,-1,-1
7703,964,2,1,1,1,1,22,4,18,2,2,0.42,2,2,40,55,271,2,0,0,91,36.79,0.14,12.2,4.65,0.04,4.41,1,9999.99,9999.99,9999.99,9999.99,9999.99,6.53,658,4.76,4.74,5.44,43639.47,1.34,-243.3,-0.05,-42.78,0,0,9.99,0,0,0,0,1,4,1,0,0,-1,1,-1
7773,140,2,2,1,2,0,28,4,43,1,9,0.69,1,1,43,8,286,10,8,21,27,9999.99,9999.99,9999.99,9999.99,9999.99,9999.99,9999.99,12.51,1.46,2.82,6.6,0.71,6.61,685,4.73,4.74,5.09,47493.77,1.34,-156.84,0.04,-57.79,0,0,9.99,0,0,0,0,3,1,1,-1,0,1,-1,-1
7820,9,2,2,1,1,0,32,4,28,1,9,0.69,1,1,28,2,102,2,14,21,4,9999.99,9999.99,9999.99,9999.99,9999.99,9999.99,9999.99,3.56,1,0.83,4.34,0.71,6.65,622,4.79,4.56,5.79,57781.04,1.43,-165.5,-0.24,-5.88,0,0,9.99,0,0,0,0,5,1,1,-1,0,0,-1,1
7857,804,2,8,1,1,1,25,4,28,3,1,0.53,3,3,63,26,296,9,18,22,59,25.19,0,0.83,3.92,0,2.1,0,54.55,4.91,3.05,4.62,1.42,6.36,631,4.79,4.64,5.76,45299.31,1.28,-266.56,0.08,-66.62,0,0,9.99,0,0,0,0,1,2,1,1,0,0,0,-1
7861,179,2,1,1,1,0,30,4,18,2,1,1.77,2,2,35,6,233,4,10,21,22,9999.99,9999.99,9999.99,9999.99,9999.99,9999.99,9999.99,11.93,3.29,2.12,4.22,0.71,6.19,642,4.81,4.55,6.48,58538.11,1.03,-18.77,-0.04,-46.71,62,1.95,0,0,0,0,0,3,1,1,0,0,1,-1,-1
7898,187,2,6,3,1,0,21,2,18,5,9,0.48,9,9,35,10,254,5,9,21,33,9999.99,9999.99,9999.99,9999.99,9999.99,9999.99,9999.99,19.4,3.94,1.96,2.14,0.71,5.43,589,4.71,4.36,3.89,64160.03,0.89,51.8,0.09,-27.37,84,3.54,1.1,156.22,0.12,-1,640,2,2,1,1,0,0,-1,-1
7904,187,1,1,1,4,0,58,2,13,5,9,0.48,9,9,35,10,573,4,10,21,31,9999.99,9999.99,9999.99,9999.99,9999.99,9999.99,9999.99,20.75,3.8,3.87,2.14,0.71,5.34,667,4.59,4.3,2.89,55970.52,0.9,57.83,-0.22,39.45,65,2.54,1.61,572,0.33,5,770,5,1,0,-1,0,1,-1,-1
7906,49,2,2,4,2,0,31,4,38,1,1,1.14,1,1,38,8,103,4,13,21,27,9999.99,9999.99,9999.99,9999.99,9999.99,9999.99,9999.99,22.26,4.55,1.33,1.73,0.71,6.31,647,4.78,4.59,6.82,52346.57,1.07,3.42,-0.21,-28.99,0,0,9.99,0,0,0,0,1,3,1,1,0,0,-1,-1
7911,156,2,8,1,1,1,32,4,43,1,1,1.14,1,1,43,5,95,2,11,21,19,9999.99,9999.99,9999.99,9999.99,9999.99,9999.99,9999.99,7.43,1,1.52,3.82,0.71,6.63,619,4.85,4.56,5.7,48602.34,1.45,-156.87,-0.18,-37.3,95,2.3,0.69,6.25,0,0,0,5,1,1,1,0,0,-1,-1
7932,145,2,8,1,1,0,44,2,48,2,1,1.47,2,2,80,6,373,5,9,21,25,9999.99,9999.99,9999.99,9999.99,9999.99,9999.99,9999.99,17.98,4.13,3.34,2.2,0.71,5.26,563,4.73,4.22,3.88,53104.47,0.77,-34.79,0.12,-14.16,52,3.66,1.39,480.69,0.14,5,230,1,1,1,0,0,1,-1,-1
7936,145,2,8,1,1,1,56,2,33,2,1,1.47,2,2,80,6,373,5,9,21,25,9999.99,9999.99,9999.99,9999.99,9999.99,9999.99,9999.99,17.98,4.13,3.34,2.2,0.71,5.26,563,4.73,4.22,3.88,53104.47,0.77,-34.79,0.12,-14.16,52,3.66,1.39,480.69,0.14,5,230,5,1,1,-1,0,1,-1,-1
7944,730,2,8,1,1,0,37,1,53,4,2,1.42,1,2,0,30,51,18,4,20,53,24.21,7.05,21.42,1.28,2,2.26,0,39.52,21.64,1.28,9.8,1.42,5.64,637,5.28,2.94,6.39,77104.95,0.95,84.68,-0.86,-41.65,83,4.05,0.69,9,0.24,-1,480,1,4,1,0,1,0,0,-1
7955,129,2,8,1,1,0,33,1,53,4,1,1.87,2,2,0,12,137,2,6,21,33,9999.99,9999.99,9999.99,9999.99,9999.99,9999.99,9999.99,20.87,3.85,1.44,1.97,0.71,6.56,635,4.82,4.64,5.5,45490.43,1.38,-246.79,-0.2,-38.3,0,0,9.99,0,0,0,0,1,1,1,0,0,1,-1,-1
8007,141,2,8,1,1,0,33,4,53,1,1,1.14,1,1,53,4,478,17,8,21,23,9999.99,9999.99,9999.99,9999.99,9999.99,9999.99,9999.99,8.87,1.48,3.94,4.27,0.71,6.16,703,5.01,3.47,4.67,48235.84,0.94,149.36,-0.03,-19.09,38,3.36,1.1,826.89,2.28,39,370,1,1,1,1,0,0,-1,-1
8013,234,1,2,4,1,0,67,1,28,2,2,1.48,1,2,40,13,1019,1,13,21,36,9999.99,9999.99,9999.99,9999.99,9999.99,9999.99,9999.99,33.23,5.13,2.1,6.06,0.71,4.04,663,4.46,3.95,3.22,51641.77,0.87,161.83,0.38,9.84,56,2.61,1.61,160.56,0.37,0,921,1,1,1,1,0,0,-1,-1
8071,380,2,8,1,1,1,31,4,23,2,9,0.8,9,9,0,26,124,2,7,20,52,9999.99,9999.99,9999.99,9999.99,9999.99,9999.99,9999.99,52.59,6.14,1.26,4.66,0.71,6.57,642,4.8,4.66,5.56,48094.04,1.35,-254.63,-0.22,-22.8,100,3.53,0,0,0,0,0,5,1,0,-1,0,1,-1,-1
8085,289,2,8,1,1,0,0,9,100,1,9,0.53,1,1,0,24,273,9,7,21,47,9999.99,9999.99,9999.99,9999.99,9999.99,9999.99,9999.99,53.69,4.26,2.96,4.32,0.71,6.3,639,4.78,4.69,5.7,45672.77,1.27,-260.05,0.16,-60.36,0,0,9.99,0,0,0,0,1,1,1,-1,0,1,-1,-1
8098,93,1,8,6,6,1,28,1,23,4,1,1.87,-50,-50,0,15,550,5,9,21,38,13.77,3.76,0.63,1.71,1,2.26,0,35.03,2.24,1.71,4.25,0.71,5.49,636,4.86,4.23,3.52,57431.97,0.92,-155.75,0,-9.03,85,2.84,1.1,10.89,0.1,-1,10,1,1,1,1,0,0,0,-1
8101,371,2,8,6,2,0,40,1,43,4,2,1.78,-50,-50,0,30,279,5,3,20,62,9999.99,2.43,9999.99,3.53,1,2.81,1,51.35,7.61,3.4,3.82,0.71,5.56,610,4.62,4.49,4.05,47067.69,0.9,108.34,0,-54.71,0,0,9.99,0,0,0,0,1,2,1,1,0,0,0,-1
8166,428,2,8,1,1,0,34,3,38,3,1,0.58,1,1,0,45,124,2,0,0,72,35.8,0.4,5.24,3.08,0.49,3.51,1,9999.99,9999.99,9999.99,9999.99,9999.99,6.57,642,4.8,4.66,5.56,48094.04,1.35,-254.63,-0.22,-22.8,100,3.53,0,0,0,0,0,1,1,1,0,1,-1,0,-1
8184,79,2,6,3,1,0,50,2,43,7,2,1.78,6,3,0,2,929,9,12,22,10,9999.99,9999.99,9999.99,9999.99,9999.99,9999.99,9999.99,6.37,1.5,1.3,1.93,0.71,4.43,597,4.39,4.23,4,54593.8,0.74,159.89,0.28,86.27,0,0,9.99,0,0,0,0,1,1,1,0,0,1,-1,0
8186,79,2,1,1,1,1,26,2,13,7,2,1.78,6,3,0,2,893,1,13,22,10,9999.99,9999.99,9999.99,9999.99,9999.99,9999.99,9999.99,7.03,1.63,3.9,1.93,0.71,4.67,566,4.54,4.34,4.14,80394.57,0.84,242.45,0.72,100.23,86,2.63,1.1,20.22,0.01,0,530,1,1,1,1,0,0,-1,0
8206,239,2,1,1,1,1,26,1,18,2,1,1.77,2,2,40,17,321,4,13,22,43,9999.99,2.43,9999.99,3.21,1,9999.99,9999.99,32.46,3.47,3.69,5.29,0.71,6.56,643,4.75,4.6,6.32,53486.14,1.15,-44.07,-0.2,-35.77,87,4.99,0.69,30.25,0.49,-3,850,2,1,1,0,0,0,1,-1
8226,376,2,8,1,1,0,30,4,33,1,1,1.14,1,1,33,21,192,5,7,20,51,9999.99,9999.99,9999.99,9999.99,9999.99,9999.99,9999.99,51.37,4.24,2.67,8.17,0.71,5.4,603,4.66,4.47,3.84,50525.13,0.9,80.32,0.05,-33.1,0,0,9.99,0,0,0,0,1,3,1,0,0,1,-1,-1
8313,307,2,1,1,1,1,0,4,100,1,9,0.69,1,0,0,15,137,2,5,20,46,9999.99,9999.99,9999.99,9999.99,9999.99,9999.99,9999.99,24.84,1.1,1.44,1.12,0.71,6.56,635,4.82,4.64,5.5,45490.43,1.38,-246.79,-0.2,-38.3,0,0,9.99,0,0,0,0,5,1,0,-1,0,1,-1,-1
8350,315,2,8,1,2,0,32,4,23,2,2,1.12,9,9,0,12,861,14,4,20,44,9999.99,9999.99,9999.99,9999.99,9999.99,9999.99,9999.99,27.41,2.56,3.61,7.94,0.71,7.8,731,5.02,2.2,7.43,54260.72,1.65,474.82,-1.55,-101.13,63,2.08,0,0,0,0,1,1,2,1,0,0,1,-1,-1
8495,174,2,1,6,1,1,60,3,18,1,9,0.69,1,1,18,10,145,7,6,21,28,9999.99,9999.99,9999.99,9999.99,9999.99,9999.99,9999.99,25.34,2.76,0.23,1.97,0.71,5.87,621,5.11,3.76,4.07,70716.16,0.87,-140.75,-0.31,4.78,27,2.71,0,0,0,0,0,5,1,1,-1,0,1,-1,-1
8536,782,2,2,1,1,1,37,4,33,1,1,0.53,1,1,33,28,296,9,22,22,66,21.56,0,4.43,3.92,0,2.1,1,52.83,20.87,2.58,8.39,1.42,6.36,631,4.79,4.64,5.76,45299.31,1.28,-266.56,0.08,-66.62,0,0,9.99,0,0,0,0,1,1,1,0,0,0,1,-1
8558,376,2,8,1,1,0,41,4,70,2,2,1.12,2,2,128,22,296,9,7,20,50,9999.99,9999.99,9999.99,9999.99,9999.99,9999.99,9999.99,55.34,4.54,2.75,7.7,0.71,6.36,631,4.79,4.64,5.76,45299.31,1.28,-266.56,0.08,-66.62,0,0,9.99,0,0,0,0,1,1,1,0,1,0,-1,-1
8560,376,2,8,1,1,1,41,4,28,2,2,1.12,2,2,128,22,300,9,7,20,50,9999.99,9999.99,9999.99,9999.99,9999.99,9999.99,9999.99,55.88,5.23,3.09,7.69,0.71,6.25,668,4.71,4.8,5.46,47200.95,1.38,-232.1,0.24,-59.8,0,0,9.99,0,0,0,0,1,1,1,1,0,0,-1,-1
8641,369,2,1,1,1,1,59,1,38,2,3,1.48,2,2,70,35,102,2,5,20,62,28.46,0.61,1.13,2.11,0.74,2.81,1,64.8,7.61,0.83,7.93,0.71,6.65,622,4.79,4.56,5.79,57781.04,1.43,-165.5,-0.24,-5.88,0,0,9.99,0,0,0,1,5,4,1,-1,0,0,1,-1
8672,189,2,4,2,1,0,27,5,13,2,1,1.77,2,2,25,11,1052,9,10,21,25,9999.99,9999.99,9999.99,9999.99,9999.99,9999.99,9999.99,21.52,3.38,2.72,1.33,0.71,4.39,581,4.43,4.2,3.72,70227.97,0.79,229.98,0.51,98.14,99,2.51,0.69,0,0.04,0,0,2,1,1,0,1,0,-1,-1
8682,321,2,1,1,1,1,38,4,13,3,1,1.43,2,2,30,16,246,6,3,20,45,9999.99,9999.99,9999.99,9999.99,9999.99,9999.99,9999.99,36.07,3,0.76,3.81,0.71,4.76,659,4.77,4.16,2.75,49007.66,0.81,-45.23,-0.05,54.07,47,2.92,1.79,420.89,0.36,0,771,5,1,1,-1,0,1,-1,-1
8692,785,2,1,1,1,1,48,3,33,1,1,0.38,1,1,33,24,366,18,18,22,55,20.79,5.66,5.1,5.05,1,2.26,1,42.56,7,4.69,8.12,1.42,5.4,617,5.03,3.37,4.64,70579.03,1.11,-148.65,-0.5,-74.59,61,2.97,0.69,0,0.8,0,0,1,9,1,0,0,1,0,-1
8793,349,2,1,1,1,1,26,4,18,1,9,0.69,1,1,18,18,300,9,6,21,40,9999.99,9999.99,9999.99,9999.99,9999.99,9999.99,9999.99,30.54,2.58,3.24,7.64,0.71,6.25,668,4.71,4.8,5.46,47200.95,1.38,-232.1,0.24,-59.8,0,0,9.99,0,0,0,0,5,1,1,-1,0,1,-1,-1
8845,848,2,2,1,1,1,25,1,23,5,1,0.61,2,2,60,29,243,9,7,21,57,24.21,0,6.01,4.06,0,2.5,0,53.47,17.23,2.96,10.29,1.42,6.22,641,4.77,4.68,5.95,50390.33,1.25,-279.16,0.15,-69.75,0,0,9.99,0,0,0,0,5,2,1,-1,0,1,0,-1
8887,7,2,3,5,6,1,54,4,13,2,9,0.8,2,0,25,2,250,5,12,21,8,9999.99,9999.99,9999.99,9999.99,9999.99,9999.99,9999.99,3.76,2,3.65,3.24,0.71,5.56,595,4.69,4.48,4.01,59581,0.96,-19.14,0.04,-58.47,0,0,9.99,0,0,0,0,5,1,0,-1,0,1,-1,0
8891,238,2,3,5,1,1,42,2,18,4,2,1.78,9,9,0,19,256,6,13,22,44,9999.99,9999.99,9999.99,9999.99,9999.99,9999.99,9999.99,46.87,4.38,1.4,2.59,0.71,5.39,622,4.68,4.11,4.09,68926.32,0.65,102.38,-0.09,6.14,93,3.01,0.69,1,0.86,0,930,5,1,0,-1,0,1,-1,-1
8895,140,2,8,1,1,0,22,4,23,1,9,0.69,1,1,23,8,357,10,8,21,27,9999.99,9999.99,9999.99,9999.99,9999.99,9999.99,9999.99,12.38,1.21,2.97,6.6,0.71,6.61,665,4.7,4.74,5.12,46918.63,1.35,-240.71,0.09,-52.6,52,3.23,0.69,156.25,1.33,14,390,5,1,1,-1,0,1,-1,-1
8961,118,1,1,1,2,1,49,4,100,1,9,0.69,1,0,0,8,1876,4,13,21,21,9999.99,9999.99,9999.99,9999.99,9999.99,9999.99,9999.99,17.17,2.16,4.76,4.39,0.71,0,0,0,9.99,0,0,0,0,0,0,69,3.34,1.1,213.56,0.36,4,400,5,1,0,-1,0,1,-1,-1
9069,635,2,1,1,1,1,26,1,18,2,2,0.69,2,2,55,54,124,2,33,20,74,31.56,0.4,32.84,3.08,0.49,4.41,0,72.25,6,1.26,9.61,1.42,6.57,642,4.8,4.66,5.56,48094.04,1.35,-254.63,-0.22,-22.8,100,3.53,0,0,0,0,0,1,1,1,0,0,1,0,-1
9071,187,2,1,1,1,0,26,1,13,3,9,0.64,2,0,30,10,221,11,10,21,32,9999.99,9999.99,9999.99,9999.99,9999.99,9999.99,9999.99,17.36,2,2.83,5.64,0.71,6.5,688,4.76,4.51,7.44,57538.11,1.15,121.57,0.16,-27.63,55,3.4,1.61,313.6,1.13,-5,700,1,1,0,-1,0,1,-1,-1
9146,142,2,8,4,6,0,56,2,48,5,3,1.78,9,9,0,9,338,1,8,21,23,9999.99,9999.99,9999.99,9999.99,9999.99,9999.99,9999.99,23.17,1.85,0.48,2.03,0.71,6.5,626,4.96,4.48,6.52,65397.37,1.21,-89.15,0,-24.86,80,2.71,0,0,0,0,0,1,2,1,0,0,1,-1,-1
9188,428,2,1,1,1,0,33,2,28,4,1,0.61,1,2,0,45,296,9,0,0,72,35.8,0,1.77,3.92,0,2.8,1,9999.99,9999.99,9999.99,9999.99,9999.99,6.36,631,4.79,4.64,5.76,45299.31,1.28,-266.56,0.08,-66.62,0,0,9.99,0,0,0,0,1,1,1,0,0,-1,1,-1
9333,479,2,8,1,1,0,25,2,18,2,9,0.4,1,2,50,59,758,4,0,0,87,49.3,2.76,1.48,5.95,0.91,3.51,1,9999.99,9999.99,9999.99,9999.99,9999.99,5.11,692,4.54,4.17,3.06,63856.28,0.84,154.12,-0.34,30.57,85,4.46,1.1,0,0.65,0,1,5,1,1,-1,1,-1,0,-1
9343,460,2,8,1,1,0,39,1,58,5,1,0.61,-50,-50,0,47,249,2,0,0,103,35.8,0,8.77,4.28,0,2.8,1,9999.99,9999.99,9999.99,9999.99,9999.99,6.62,644,4.87,4.55,5.81,59626.53,1.43,-62.17,-0.18,-30.84,0,0,9.99,0,0,0,0,4,1,1,-1,0,-1,1,-1
9351,789,2,8,1,1,0,30,4,48,1,1,0.53,1,1,48,27,95,2,20,22,61,21.56,0,5.79,3.9,0,2.1,1,57.01,7.87,1.86,2.25,1.42,6.63,619,4.85,4.56,5.7,48602.34,1.45,-156.87,-0.18,-37.3,95,2.3,0.69,6.25,0,0,0,1,1,1,0,0,0,1,-1
9359,312,2,1,1,1,1,37,4,23,1,1,1.16,1,1,23,12,228,13,6,21,35,9999.99,9999.99,9999.99,9999.99,9999.99,9999.99,9999.99,26,3.5,3.54,1.96,0.71,6.23,591,4.97,3.76,5.48,73714.26,0.84,-42.2,-0.04,-9.01,0,0,9.99,0,0,0,0,1,1,1,1,0,0,-1,-1
9411,323,2,1,1,1,1,34,4,13,4,9,0.46,-50,-50,0,16,267,10,4,20,40,9999.99,9999.99,9999.99,9999.99,9999.99,9999.99,9999.99,39.42,4.3,4.15,1.42,0.71,6.45,679,4.71,4.79,5.47,47331.27,1.37,-176.88,0.19,-62.33,0,0,9.99,0,0,0,0,5,1,0,-1,0,1,-1,-1
9458,180,2,1,1,2,1,37,1,28,2,2,1.48,2,2,0,6,543,3,12,21,19,9999.99,9999.99,9999.99,9999.99,9999.99,9999.99,9999.99,11.22,2.53,4.46,5.45,0.71,6.3,616,4.54,4.3,7.19,53302.97,1.11,4.66,-0.13,88.9,72,2.67,1.39,122.19,0.65,8,750,1,1,1,1,0,0,-1,-1
9591,420,2,8,1,1,0,44,1,33,4,2,1.42,1,2,33,40,2180,5,0,0,66,35.8,9.47,1.39,3.73,1.96,3.51,1,9999.99,9999.99,9999.99,9999.99,9999.99,0,0,0,9.99,0,0,0,0,0,0,42,3.4,0,0,0,0,0,1,1,1,1,0,-1,0,-1
9603,122,2,8,1,1,0,25,2,18,4,1,1.87,1,2,0,5,408,6,12,21,19,9999.99,9999.99,9999.99,9999.99,9999.99,9999.99,9999.99,14.14,3.09,2.68,5.6,0.71,5.54,651,4.73,4.04,4.17,68474.88,0.63,165.95,-0.15,15.48,77,2.34,0.69,30.25,0.02,0,790,3,1,1,0,0,1,-1,-1
9688,804,2,8,1,1,1,46,4,38,3,1,0.53,2,1,55,27,463,3,18,22,58,25.19,2.92,0.83,1.43,1.9,2.81,0,55.12,5.26,3.19,4.62,1.42,6.31,615,4.64,4.38,7.09,56666.9,1.18,-58.9,-0.06,115.91,78,2.29,1.79,268.8,0.34,5,990,1,1,1,1,0,0,0,-1
9690,804,2,1,1,1,1,21,4,18,3,1,0.53,2,1,55,27,277,11,17,22,62,25.19,2.59,0.83,1.08,1,2.81,0,52.08,4.69,1.08,4.62,1.42,6.14,640,4.91,4.23,4.06,56394.29,1.12,-88.58,-0.16,-41.71,75,4.51,0.69,42.25,0.19,2,830,5,1,0,-1,1,0,0,-1
9793,5,2,8,1,1,0,52,4,100,2,1,1.77,1,1,0,0,309,18,12,21,0,9999.99,9999.99,9999.99,9999.99,9999.99,9999.99,9999.99,0,0,0.67,1.24,0.71,5.79,622,5.12,3.3,4.35,71670.48,1.07,0.03,-0.5,-68.58,81,5.23,0,0,0,0,0,1,3,1,0,0,0,-1,1
9824,780,2,8,1,1,1,40,3,23,2,1,0.52,2,1,45,36,1083,14,25,22,105,28.73,7.16,0.66,1.01,2.5,3.31,1,61.05,17.3,1.41,8.05,1.42,6.8,710,4.95,2.64,6.68,44161.61,1.12,135.02,-1.18,-36.11,59,2.47,1.39,87.69,0.18,0,150,1,1,1,0,0,0,1,-1
9843,806,2,1,1,1,1,34,3,18,3,1,0.53,2,1,45,22,206,7,14,22,55,20.79,5.66,5.01,1.18,1,2.81,0,37.14,3.5,1.18,3.14,1.42,5.77,619,5.13,3.71,4.28,74644.27,0.91,-151.41,-0.37,11.07,79,2.16,0.69,0.25,0.3,0,270,5,1,0,-1,0,1,0,-1
9927,228,2,2,4,1,0,55,1,33,4,2,1.78,3,4,0,17,993,2,15,21,42,9999.99,9999.99,9999.99,9999.99,9999.99,9999.99,9999.99,43.94,7.6,1.41,8.49,0.71,5.54,659,4.47,3.87,4.04,54221.34,0.96,255.85,-0.21,-0.3,79,3.14,1.61,133.84,0.42,4,260,1,1,1,1,0,0,-1,-1
9969,157,2,8,1,1,0,44,3,28,2,9,0.69,2,0,60,5,260,2,12,21,15,9999.99,9999.99,9999.99,9999.99,9999.99,9999.99,9999.99,8.04,1.12,2.68,2.15,0.71,6.72,629,4.92,4.49,5.72,55999.87,1.29,-15.76,-0.26,-41.22,0,0,9.99,0,0,0,0,5,1,0,-1,0,1,-1,-1
10038,29,2,1,1,1,1,40,4,18,1,9,0.69,1,0,18,3,1150,3,16,22,6,9999.99,9999.99,9999.99,9999.99,9999.99,9999.99,9999.99,13.13,2.19,4.66,4.37,0.71,4.82,677,4.36,3.3,3.97,62454.07,1.09,316.15,-0.34,-20.31,0,0,9.99,0,0,0,1,5,9,0,-1,0,0,-1,1
10054,399,2,1,1,1,1,23,1,18,4,2,1.78,3,3,63,18,298,6,3,20,47,9999.99,9999.99,9999.99,9999.99,9999.99,9999.99,9999.99,44,3.24,2.37,3.57,0.71,5.23,526,4.7,4.19,4.1,50988.94,0.67,162.06,0.03,24.65,30,2.85,1.39,299.69,0.49,0,750,2,2,1,0,0,1,-1,-1
10060,399,2,1,1,1,1,25,1,23,4,2,1.78,3,3,63,18,228,13,3,20,47,9999.99,9999.99,9999.99,9999.99,9999.99,9999.99,9999.99,42.53,4.03,3.73,3.57,0.71,6.23,591,4.97,3.76,5.48,73714.26,0.84,-42.2,-0.04,-9.01,0,0,9.99,0,0,0,0,1,1,1,0,0,1,-1,-1
10156,641,2,8,1,2,0,43,1,100,3,1,0.58,9,9,0,47,321,4,28,20,71,31.56,2.43,26.45,3.21,1,4.06,0,64.95,4.11,3.25,12.35,1.42,6.56,643,4.75,4.6,6.32,53486.14,1.15,-44.07,-0.2,-35.77,87,4.99,0.69,30.25,0.49,-3,850,1,2,1,0,0,1,0,-1
10158,641,2,1,1,1,1,40,1,100,3,1,0.58,9,9,0,47,321,4,28,20,71,31.56,2.43,26.45,3.21,1,4.06,0,64.95,4.11,3.25,12.35,1.42,6.56,643,4.75,4.6,6.32,53486.14,1.15,-44.07,-0.2,-35.77,87,4.99,0.69,30.25,0.49,-3,850,5,2,0,-1,0,1,0,-1
10202,750,2,8,1,1,0,44,3,38,4,1,0.61,3,1,43,25,721,3,6,20,53,9999.99,9999.99,9999.99,9999.99,9999.99,9999.99,9999.99,43.12,9.81,4.03,1.33,1.42,6.2,644,4.41,4.04,8.66,53135.26,0.9,235.23,-0.19,30.47,94,2.97,0.69,36,0.04,1,220,4,1,1,-1,0,1,-1,-1
10345,644,2,2,1,1,1,40,2,28,4,2,1.42,9,9,0,43,147,7,25,20,67,31.56,5.66,23.92,0.23,1,4.06,0,72.7,26.5,0.23,6.65,1.42,5.87,621,5.11,3.76,4.07,71031.21,0.87,-140.55,-0.31,4.52,26,2.71,0,0,0,0,0,1,1,1,0,0,0,1,-1
10401,353,2,1,1,1,1,35,4,13,1,9,0.69,1,0,13,11,2,17,9,21,41,9999.99,9999.99,9999.99,9999.99,9999.99,9999.99,9999.99,15.96,1,1.6,4.31,0.71,5.99,578,5,3.83,4.63,61586.48,0.85,-113.11,-0.02,-20.14,0,0,9.99,0,0,0,0,5,1,0,-1,0,1,-1,-1
10442,208,2,8,1,1,1,38,2,38,2,1,1.47,1,1,38,10,408,6,11,21,31,9999.99,9999.99,9999.99,9999.99,9999.99,9999.99,9999.99,23.82,4.1,3.13,5.79,0.71,5.54,651,4.73,4.04,4.17,68474.88,0.63,165.95,-0.15,15.48,77,2.34,0.69,30.25,0.02,0,790,1,1,1,1,0,0,-1,-1
10465,636,1,3,5,2,1,0,4,100,2,9,0.4,9,9,0,47,1099,15,31,20,72,31.56,9.04,33.85,1.75,1,4.41,0,60.16,5.64,1.75,5.87,1.42,3.75,843,5.01,1.1,1.54,18836.25,1.81,-104.92,1.62,-144.32,0,0,9.99,0,0,0,1,5,1,1,-1,1,0,0,-1
10473,987,2,8,1,1,0,35,1,58,2,1,0.62,2,2,70,46,55,17,0,0,81,27.89,5.66,11.62,3.31,1,3.86,1,9999.99,9999.99,9999.99,9999.99,9999.99,5.83,577,4.99,3.85,4.43,59736.13,0.85,-164.71,0.03,-16.88,0,0,9.99,0,0,0,0,4,1,1,-1,0,-1,1,-1
10538,57,2,8,1,2,1,29,2,28,2,1,1.47,2,2,128,4,181,10,13,21,9,9999.99,9999.99,9999.99,9999.99,9999.99,9999.99,9999.99,8.05,2,2.04,2.9,0.71,6.04,648,4.7,4.74,6.15,54392.49,1.2,-60.78,0.54,-34.41,38,4.75,0.69,169,0.06,-3,160,5,1,1,-1,0,1,-1,-1
10589,369,2,8,1,1,0,31,1,43,4,2,1.78,2,2,0,36,271,2,5,20,63,28.46,0.14,1.68,4.65,0.04,2.81,1,62.32,9.76,2.64,11.71,0.71,6.53,658,4.76,4.74,5.44,43639.47,1.34,-243.3,-0.05,-42.78,0,0,9.99,0,0,0,0,1,2,1,0,0,0,1,-1
10599,321,2,8,1,1,0,50,4,38,5,1,0.89,1,2,0,18,32,9,4,20,41,9999.99,9999.99,9999.99,9999.99,9999.99,9999.99,9999.99,44.22,3.59,1.2,2.09,0.71,6.02,627,4.69,4.69,6.23,58909.28,1.25,-128.63,0.54,-68.16,88,5.99,0,0,0,0,0,1,2,1,0,0,1,-1,-1
10608,353,2,1,1,1,0,21,3,18,7,9,0.48,4,2,0,12,352,7,9,21,40,9999.99,9999.99,9999.99,9999.99,9999.99,9999.99,9999.99,17.04,3.59,2.54,11.55,0.71,5.67,595,5.16,3.53,4.1,75368.91,0.91,-141.43,-0.41,-6.24,100,1.61,0,0,0,0,0,5,1,1,-1,0,1,-1,-1
10619,353,2,9,9,9,1,36,3,13,7,9,0.48,4,2,0,13,103,4,9,21,39,9999.99,9999.99,9999.99,9999.99,9999.99,9999.99,9999.99,20.34,4.59,1.32,11.55,0.71,6.31,647,4.78,4.59,6.82,52346.57,1.07,3.42,-0.21,-28.99,0,0,9.99,0,0,0,0,5,1,0,-1,0,1,-1,-1
10661,810,2,8,1,1,1,47,1,38,2,1,0.62,2,1,80,24,555,12,15,22,57,20.79,3.76,6.89,5.03,1,2.81,0,43.35,5.49,3.02,8.09,1.42,5.56,689,4.77,3.99,3.89,54658.93,0.78,146,-0.15,21.56,89,3.84,0.69,16,2.7,-6,580,5,1,0,-1,0,1,0,-1
10694,188,2,8,1,1,0,29,1,28,2,1,1.47,2,1,45,10,301,3,11,21,25,9999.99,9999.99,9999.99,9999.99,9999.99,9999.99,9999.99,15.76,2.08,2.56,4.45,0.71,6.55,670,4.74,4.75,5.18,53988.93,1.29,-286.92,-0.06,-25.19,88,2.08,0,0,0,0,0,1,1,1,0,0,1,-1,-1
10713,312,2,8,6,1,0,31,1,18,3,9,0.64,-50,-50,0,13,550,5,5,21,38,9999.99,9999.99,9999.99,9999.99,9999.99,9999.99,9999.99,22.72,2.11,1.71,3.07,0.71,5.49,636,4.86,4.23,3.52,57431.97,0.92,-155.75,0,-9.03,85,2.84,1.1,10.89,0.1,-1,10,5,1,1,-1,0,1,-1,-1
10719,822,2,1,1,1,1,30,1,23,4,2,1.42,2,2,0,27,118,1,16,22,66,20.79,0,11.68,3.88,0,2.1,0,61.87,7.69,2.9,3.06,1.42,6.1,607,4.84,4.5,7.05,75254.34,1.27,-36.43,0.41,-28.77,63,2.48,1.1,10.89,0.25,-1,550,5,1,1,-1,0,1,0,-1
10748,896,2,9,1,1,0,25,1,18,3,5,0.78,2,2,55,36,102,2,10,21,86,33.28,0.61,6.51,2.11,0.74,4.16,0,65.28,4.72,1.68,9.1,1.42,6.65,622,4.79,4.56,5.79,57781.04,1.43,-165.5,-0.24,-5.88,0,0,9.99,0,0,0,0,1,1,1,0,1,0,0,-1
10754,8,2,8,6,2,1,26,4,28,2,9,0.8,2,1,55,2,440,11,12,21,8,9999.99,9999.99,9999.99,9999.99,9999.99,9999.99,9999.99,5.76,1.61,4.69,4.77,0.71,6.1,597,4.96,4.14,4.07,60240.48,1.12,-163.23,-0.36,-35.73,0,0,9.99,0,0,0,0,5,1,0,-1,0,0,-1,1
10792,106,2,3,5,1,0,43,1,33,5,2,1.78,2,2,35,10,103,4,11,21,28,9999.99,9999.99,9999.99,9999.99,9999.99,9999.99,9999.99,23.47,4.05,1.33,6.17,0.71,6.31,647,4.78,4.59,6.82,52346.57,1.07,3.42,-0.21,-28.99,0,0,9.99,0,0,0,1,1,1,1,1,0,0,-1,-1
10882,151,2,8,6,2,1,50,4,38,1,9,0.69,1,1,38,5,869,18,11,21,13,9999.99,9999.99,9999.99,9999.99,9999.99,9999.99,9999.99,8.58,2.39,1.04,6.5,0.71,4.72,715,4.64,3.18,5.25,71773.09,0.86,244.84,-0.4,-75.87,0,0,9.99,0,0,0,0,5,1,1,-1,0,1,-1,-1
10956,167,2,1,1,1,1,60,1,48,2,2,1.48,1,2,55,13,228,13,6,20,38,9999.99,9999.99,9999.99,9999.99,9999.99,9999.99,9999.99,32.74,2.76,2.91,4.14,0.71,6.23,591,4.97,3.76,5.48,73714.26,0.84,-42.2,-0.04,-9.01,0,0,9.99,0,0,0,0,1,1,1,0,0,1,-1,-1
11012,202,2,9,6,1,0,49,1,23,4,9,0.48,2,0,45,8,1021,15,10,21,20,9999.99,9999.99,9999.99,9999.99,9999.99,9999.99,9999.99,21.4,2.68,5.58,6.45,0.71,5.54,593,5.48,1.79,4.58,72979.34,0.22,89.38,-0.9,-13.49,0,0,9.99,0,0,0,0,5,1,0,-1,0,1,-1,-1
11051,77,2,8,6,1,0,30,3,33,3,9,0.74,3,1,53,2,434,11,14,21,6,9999.99,9999.99,9999.99,9999.99,9999.99,9999.99,9999.99,8.29,1.5,3.72,4.06,0.71,6.1,591,4.96,4.14,4.07,59999.72,1.12,-163.53,-0.36,-35.32,0,0,9.99,0,0,0,0,4,1,0,-1,0,1,-1,0
11083,816,2,1,5,1,1,24,4,8,2,1,0.52,2,2,15,25,1205,14,14,22,58,20.79,7.16,9.99,0.8,2.5,2.81,0,55.66,9.6,0.8,3.12,1.42,6.61,710,4.88,2.71,6.73,53607.5,1.11,149.13,-0.91,-62.88,96,2.19,0.69,16,0.01,0,450,1,1,1,0,0,1,0,-1
11163,180,2,1,1,1,1,26,4,0,2,1,1.77,2,1,18,7,50,2,11,21,19,9999.99,9999.99,9999.99,9999.99,9999.99,9999.99,9999.99,15.08,2.94,0.29,1.4,0.71,6.56,635,4.78,4.62,5.67,55261.34,1.38,-221.99,-0.2,-18.23,86,3.53,0,0,0,0,0,5,1,0,-1,0,1,-1,-1
11165,417,2,9,1,2,0,38,1,33,4,1,0.61,1,1,33,40,271,2,0,0,67,35.8,0.14,6.29,4.65,0.04,3.51,1,9999.99,9999.99,9999.99,9999.99,9999.99,6.53,658,4.76,4.74,5.44,43639.47,1.34,-243.3,-0.05,-42.78,0,0,9.99,0,0,0,0,3,1,0,-1,0,-1,1,-1
11261,6,2,8,6,1,0,27,4,38,1,1,1.16,1,1,38,1,762,18,13,21,3,9999.99,9999.99,9999.99,9999.99,9999.99,9999.99,9999.99,0,0,3.65,2.64,0.71,5.02,737,4.81,3.37,6.23,66105.73,1.03,239.16,-0.43,-40.01,40,2.08,0,0,0,0,0,1,1,1,0,0,0,-1,1
11265,116,2,8,6,6,1,30,2,28,5,1,1.87,3,-48,0,7,562,11,10,21,19,9999.99,9999.99,9999.99,9999.99,9999.99,9999.99,9999.99,17.53,3,3.29,4.96,0.71,5.98,610,4.96,4.08,4.16,55933.46,1,-231.74,-0.37,-34.26,0,0,9.99,0,0,0,0,3,1,1,0,0,1,-1,-1
11312,390,2,1,1,1,1,30,2,23,4,2,1.78,-50,-50,0,32,56,2,7,20,53,9999.99,9999.99,9999.99,9999.99,9999.99,9999.99,9999.99,60.75,7.5,0.15,4.75,0.71,6.56,636,4.78,4.63,5.62,54730.39,1.37,-240.63,-0.2,-13.64,93,2.66,0.69,30.25,0.75,4,771,1,1,1,0,0,1,-1,-1
11355,329,2,1,1,1,1,35,3,18,3,1,1.72,2,1,50,21,356,3,4,20,46,9999.99,1.65,9999.99,2.76,0.98,9999.99,9999.99,38.48,3.15,3.08,7.17,0.71,6.51,661,4.76,4.62,5.45,49166.93,1.14,-150.62,0.17,-7.41,0,0,9.99,0,0,0,0,5,1,0,-1,0,0,1,-1
11362,721,2,8,1,1,0,55,1,70,4,4,0.33,2,4,138,48,273,9,16,20,64,24.21,0,34.56,4.6,0,2.9,0,9999.99,9999.99,9999.99,9999.99,1.42,6.3,639,4.78,4.69,5.7,45672.77,1.27,-260.05,0.16,-60.36,0,0,9.99,0,0,0,0,1,3,1,1,0,0,0,-1
11387,140,2,8,1,1,1,27,4,33,1,1,1.14,1,1,33,8,341,2,8,21,27,9999.99,9999.99,9999.99,9999.99,9999.99,9999.99,9999.99,13.57,1.1,2,8.97,0.71,6.6,606,4.94,4.51,5.88,51352.88,1.32,-151.82,-0.11,-39.13,0,0,9.99,0,0,0,0,1,1,1,0,0,1,-1,-1
11426,1198,2,8,1,2,9,0,4,38,1,1,0.36,1,1,38,85,95,2,0,0,108,28.73,0,48.51,3.9,0,5.25,1,9999.99,9999.99,9999.99,9999.99,9999.99,6.63,619,4.85,4.56,5.7,48602.34,1.45,-156.87,-0.18,-37.3,95,2.3,0.69,6.25,0,0,0,1,1,1,0,0,-1,1,-1
11459,657,2,8,1,1,0,28,1,38,2,2,0.69,2,2,70,31,296,9,14,20,60,35.28,0,3.48,3.92,0,2.35,0,48.44,5.82,2.72,4.72,1.42,6.36,631,4.79,4.64,5.76,45299.31,1.28,-266.56,0.08,-66.62,0,0,9.99,0,0,0,0,1,2,1,0,0,0,1,-1
11478,304,1,1,1,1,0,65,1,33,2,1,1.47,2,2,60,15,188,4,4,20,47,9999.99,9999.99,9999.99,9999.99,9999.99,9999.99,9999.99,35.22,1.66,2.3,3.21,0.71,6.44,641,4.77,4.54,6.53,56953.32,1.15,-53.57,-0.15,43.51,88,2.08,0,0,0,0,0,3,1,1,0,0,1,-1,-1
11631,140,2,8,1,2,0,29,4,28,1,9,0.69,1,1,28,8,496,3,8,21,26,9999.99,9999.99,9999.99,9999.99,9999.99,9999.99,9999.99,12.84,1.64,2.79,8.97,0.71,6.27,612,4.53,4.33,7.23,51933.03,1.1,-57.49,-0.07,77.83,86,1.87,0.69,12.25,0.01,0,270,4,1,1,-1,0,1,-1,-1
11642,140,2,8,5,1,0,30,4,23,1,1,1.14,1,1,23,6,256,6,8,21,26,9999.99,9999.99,9999.99,9999.99,9999.99,9999.99,9999.99,9.29,1,3.61,6.12,0.71,5.39,622,4.68,4.11,4.09,68926.32,0.65,102.38,-0.09,6.14,93,3.01,0.69,1,0.86,0,931,1,1,1,0,0,1,-1,-1
11668,335,2,4,1,2,0,55,1,13,2,1,1.47,2,2,15,23,251,4,5,20,50,9999.99,9999.99,9999.99,9999.99,9999.99,9999.99,9999.99,38.14,4.99,2.8,7.71,0.71,6.29,634,4.67,4.5,6.69,62117.87,1.07,-46.31,-0.25,45.52,85,2.32,1.39,45.25,0.06,0,940,1,1,1,1,0,0,-1,-1
11727,186,2,7,4,2,0,39,4,18,2,2,1.12,2,2,45,13,104,9,9,21,37,9999.99,9999.99,9999.99,9999.99,9999.99,9999.99,9999.99,24.36,3.26,0.46,2.61,0.71,6,601,4.69,4.63,6.6,55401.52,1.29,-53.86,0.59,-49.12,94,2.3,0,0,0,0,1,4,1,1,1,0,0,-1,-1
11813,241,2,1,1,1,1,23,4,23,2,9,0.8,2,1,40,13,507,12,13,22,38,9999.99,9999.99,9999.99,9999.99,9999.99,9999.99,9999.99,21.69,2.37,4.28,3.57,0.71,5.46,717,4.75,3.89,3.69,43062.53,0.83,68.18,-0.24,5.3,0,0,9.99,0,0,0,0,5,1,1,-1,0,1,-1,-1
11817,241,2,1,1,1,1,24,4,18,2,9,0.8,2,1,40,12,300,9,13,22,37,9999.99,9999.99,9999.99,9999.99,9999.99,9999.99,9999.99,24.78,2.07,3.5,3.57,0.71,6.25,668,4.71,4.8,5.46,47200.95,1.38,-232.1,0.24,-59.8,0,0,9.99,0,0,0,0,5,1,0,-1,0,1,-1,-1
11851,421,2,8,1,1,1,26,1,28,3,2,0.78,2,3,128,43,507,12,0,0,74,35.8,3.76,0.7,4.69,1,3.51,1,9999.99,9999.99,9999.99,9999.99,9999.99,5.46,717,4.75,3.89,3.69,43062.53,0.83,68.18,-0.24,5.3,0,0,9.99,0,0,0,0,1,1,1,1,0,-1,0,-1
11853,208,2,1,1,1,1,53,1,28,4,1,1.87,1,2,68,11,85,10,11,21,27,9999.99,9999.99,9999.99,9999.99,9999.99,9999.99,9999.99,33.79,1.5,0.11,2.73,0.71,6.32,678,4.81,4.65,6.11,55360.27,1.27,54.42,0.57,-11.5,96,3.3,0,0,0,0,0,2,1,1,0,0,1,-1,-1
11931,298,1,4,2,5,0,20,1,8,5,1,1.87,5,3,33,17,1150,3,7,21,39,9999.99,9999.99,9999.99,9999.99,9999.99,9999.99,9999.99,34.38,3.4,3.72,2.46,0.71,4.82,677,4.36,3.3,3.97,62454.07,1.09,316.15,-0.34,-20.31,0,0,9.99,0,0,0,0,5,1,0,-1,0,1,-1,-1
11940,809,2,1,1,1,1,34,3,18,3,1,0.58,-50,-50,0,26,343,6,16,22,62,20.79,3.54,8.61,4.8,1,2.81,0,50.18,5.44,2.61,7,1.42,5.38,624,4.74,4.22,3.92,65434.12,0.66,114.42,-0.03,34.85,0,0,9.99,0,0,0,0,4,1,1,-1,0,1,0,-1
11943,809,2,8,1,1,0,29,4,23,3,1,0.53,1,2,0,27,296,9,18,22,59,20.79,0,9.59,3.92,0,2.1,0,55.89,4.91,3.05,2.99,1.42,6.36,631,4.79,4.64,5.76,45299.31,1.28,-266.56,0.08,-66.62,0,0,9.99,0,0,0,0,1,1,1,0,0,0,1,-1
12003,245,2,1,1,1,1,29,1,28,2,2,1.48,2,2,128,11,296,9,13,22,33,9999.99,9999.99,9999.99,9999.99,9999.99,9999.99,9999.99,27.63,4.72,3.05,1.38,0.71,6.36,631,4.79,4.64,5.76,45299.31,1.28,-266.56,0.08,-66.62,0,0,9.99,0,0,0,0,1,1,1,0,0,1,-1,-1
12107,356,2,2,5,1,1,40,1,18,3,9,0.64,1,0,28,13,300,3,10,21,40,9999.99,9999.99,9999.99,9999.99,9999.99,9999.99,9999.99,28.95,4.51,2.11,4.33,0.71,6.65,667,4.7,4.69,5.03,47804.51,1.29,-228.96,0.08,-48.72,42,4.38,0,0,0,0,0,5,1,0,-1,0,1,-1,-1
12121,3,2,8,6,1,1,58,4,43,1,1,0.69,1,0,43,2,839,14,11,21,8,9999.99,9999.99,9999.99,9999.99,9999.99,9999.99,9999.99,4.98,2.63,7.48,3.75,0.71,6.56,873,4.84,3.04,5.52,11441.33,1.18,21.23,-0.65,-7.19,19,4.83,0,0,0,0,0,5,1,0,-1,0,0,-1,1
12157,813,2,8,1,1,0,38,1,23,4,1,0.61,2,2,35,36,296,9,22,22,70,29.65,0,6.76,3.92,0,2.6,0,63.94,10.3,3.05,4.27,1.42,6.36,631,4.79,4.64,5.76,45299.31,1.28,-266.56,0.08,-66.62,0,0,9.99,0,0,0,0,1,1,1,0,0,0,1,-1
12165,317,2,1,1,1,1,30,3,18,4,9,0.48,3,2,63,17,196,9,4,20,45,24.4,0.6,1.23,4.26,0.69,3.06,0,41.77,2.33,3.14,7.02,0.71,6.31,663,4.68,4.77,5.61,50040.68,1.32,-124.07,0.35,-64.28,0,0,9.99,0,0,0,0,5,1,0,-1,0,1,0,-1
12176,101,2,1,1,1,1,64,2,23,1,1,1.14,1,1,23,9,226,2,10,21,27,9999.99,9999.99,9999.99,9999.99,9999.99,9999.99,9999.99,16.99,3.55,3.47,3.11,0.71,6.68,620,4.91,4.5,5.84,58247.07,1.51,-54.06,-0.26,2.53,79,3.26,0,0,0,0,1,1,1,1,0,0,1,-1,-1
12282,427,2,8,1,1,0,33,1,43,2,1,0.62,1,2,50,46,273,9,0,0,71,35.8,0,5.69,4.6,0,2.8,1,9999.99,9999.99,9999.99,9999.99,9999.99,6.3,639,4.78,4.69,5.7,45672.77,1.27,-260.05,0.16,-60.36,0,0,9.99,0,0,0,0,2,3,1,0,0,-1,1,-1
12344,805,2,8,1,1,0,22,1,3,4,2,1.42,1,2,50,25,242,18,16,22,52,20.79,5.66,5.19,5.62,1,2.81,0,42.96,3.19,3.96,4.48,1.42,5.72,614,5.13,3.18,4.66,71185.71,1.17,4.85,-0.63,-68.63,83,5.23,0,0,0,0,0,4,1,1,-1,1,0,0,-1
12354,327,2,1,1,2,1,48,1,18,3,1,1.72,2,2,0,18,343,6,5,20,44,9999.99,9999.99,9999.99,9999.99,9999.99,9999.99,9999.99,37.43,3.4,3.15,4.5,0.71,5.38,624,4.74,4.22,3.92,65434.12,0.66,114.42,-0.03,34.85,0,0,9.99,0,0,0,0,5,1,1,-1,0,1,-1,-1
12360,146,2,1,1,1,1,26,4,8,1,9,0.69,1,1,8,6,356,3,8,21,21,9999.99,9999.99,9999.99,9999.99,9999.99,9999.99,9999.99,17.31,1.72,3.08,2.3,0.71,6.51,661,4.76,4.62,5.45,49166.93,1.14,-150.62,0.17,-7.41,0,0,9.99,0,0,0,1,2,1,1,-1,1,0,-1,-1
12382,69,2,1,1,1,1,37,1,28,3,2,1.78,2,2,0,8,350,15,12,22,21,9999.99,9999.99,9999.99,9999.99,9999.99,9999.99,9999.99,11.35,1,2.74,3.46,0.71,8.12,674,4.91,1.39,11.29,53711.25,0.11,184.83,-0.07,0.73,0,0,9.99,0,0,0,0,1,1,1,0,0,1,-1,-1
12425,43,2,8,1,2,0,62,1,43,1,1,1.16,1,1,43,6,994,14,12,22,11,9999.99,9999.99,9999.99,9999.99,9999.99,9999.99,9999.99,9999.99,9999.99,9999.99,9999.99,0.71,7.64,791,4.82,2.77,6.69,45262.88,1.14,184.05,-1.1,-74.48,65,2.71,2.08,969.98,0.52,13,400,5,1,1,-1,0,1,-1,-1
12437,7,2,1,1,1,1,35,4,18,1,9,0.69,1,0,18,3,201,15,11,21,11,9999.99,9999.99,9999.99,9999.99,9999.99,9999.99,9999.99,4.23,1,2.8,3.24,0.71,7.5,725,4.94,1.61,10.59,41754.3,0.09,-260.13,-0.14,12.42,78,3.26,1.79,40.47,1.58,3,830,4,1,0,-1,0,1,-1,0
12443,813,2,8,1,1,0,33,1,38,3,1,0.58,1,2,0,35,411,1,22,22,71,29.65,0.6,6.29,4.36,0.69,3.31,0,63.14,10.08,3.45,4.23,1.42,5.35,566,4.66,4.45,4.44,58300.84,1.19,-9.57,0.74,-10.76,0,0,9.99,0,0,0,0,1,1,1,0,0,0,1,-1
12475,56,2,1,1,1,1,32,4,18,1,9,0.69,1,1,18,5,496,3,14,21,13,9999.99,9999.99,9999.99,9999.99,9999.99,9999.99,9999.99,10.04,2.64,2.79,1.71,0.71,6.27,612,4.53,4.33,7.23,51933.03,1.1,-57.49,-0.07,77.83,86,1.87,0.69,12.25,0.01,0,270,5,1,1,-1,0,1,-1,-1
12499,490,2,8,6,1,1,58,1,18,2,2,0.28,2,2,65,62,372,7,0,0,91,49.8,5.66,7.68,2.56,1,3.51,1,9999.99,9999.99,9999.99,9999.99,9999.99,5.62,576,5.15,3.47,4.16,70926,0.94,-158.01,-0.5,-12.04,0,0,9.99,0,0,0,0,2,3,1,0,0,-1,1,-1
12518,130,2,8,1,1,0,32,1,53,3,1,1.72,2,2,95,9,221,11,6,21,35,9999.99,9999.99,9999.99,9999.99,9999.99,9999.99,9999.99,18.23,2.13,3.43,4.38,0.71,6.5,688,4.76,4.51,7.44,57538.11,1.15,121.57,0.16,-27.63,55,3.4,1.61,313.6,1.13,-5,700,1,1,1,0,0,1,-1,-1
12522,130,2,8,1,1,1,30,1,43,3,1,1.72,2,2,95,8,408,6,6,21,34,9999.99,9999.99,9999.99,9999.99,9999.99,9999.99,9999.99,13.4,1.3,5.2,4.38,0.71,5.54,651,4.73,4.04,4.17,68474.88,0.63,165.95,-0.15,15.48,77,2.34,0.69,30.25,0.02,0,790,1,1,1,0,0,1,-1,-1
12526,778,2,8,1,1,1,30,4,38,1,1,0.53,1,1,38,27,321,4,21,22,58,21.56,2.43,0.97,3.21,1,2.81,1,40.05,15,4.04,3.82,1.42,6.56,643,4.75,4.6,6.32,53486.14,1.15,-44.07,-0.2,-35.77,87,4.99,0.69,30.25,0.49,-3,850,1,1,1,0,0,0,1,-1
12528,353,2,1,1,2,0,28,4,23,2,1,1.77,1,2,30,13,879,5,9,21,40,9999.99,9999.99,9999.99,9999.99,9999.99,9999.99,9999.99,19.99,2,1.47,4.31,0.71,5.77,698,4.99,3.89,4.02,38631.1,0.9,-239.58,-0.15,16.08,58,3.25,1.39,197,0.19,2,871,1,1,1,1,0,0,-1,-1
12715,304,2,8,1,1,0,53,3,38,2,1,1.47,2,2,55,17,720,5,5,20,52,9999.99,9999.99,9999.99,9999.99,9999.99,9999.99,9999.99,42.57,6.1,0.95,4.1,0.71,5.65,658,4.94,3.97,3.95,32967.59,0.84,-179.23,-0.13,22.76,0,0,9.99,0,0,0,0,1,1,1,0,0,1,-1,-1
12717,162,2,8,1,1,0,64,1,43,2,2,1.48,1,2,95,13,319,9,5,20,38,9999.99,0.76,9999.99,3.67,0.88,2.31,0,33.41,2.29,3.06,11.45,0.71,5.78,584,4.7,4.62,6.99,53752.04,1.23,40.51,0.69,11.2,71,2.28,1.61,505.84,0.16,5,740,1,1,1,1,0,0,0,-1
12728,92,2,8,6,1,0,43,1,23,4,1,1.87,9,9,0,14,869,18,10,21,34,9999.99,9999.99,9999.99,9999.99,9999.99,9999.99,9999.99,32.38,4.65,3.23,1.86,0.71,4.67,725,4.66,3.22,5.1,71766.72,0.83,221.75,-0.41,-67.05,0,0,9.99,0,0,0,0,1,1,1,0,0,1,-1,-1
12894,200,2,4,2,1,0,30,2,8,1,9,0.53,1,1,8,6,469,10,13,21,15,9999.99,9999.99,9999.99,9999.99,9999.99,9999.99,9999.99,18.34,1.09,2.13,2.16,0.71,5.67,607,4.66,4.62,7.26,58276.24,1.2,138.42,0.68,24.22,84,3.26,0,0,0,0,0,5,1,1,-1,0,1,-1,-1
13153,202,2,2,4,6,0,42,2,23,3,9,0.64,2,1,43,6,180,11,12,21,19,9999.99,9999.99,9999.99,9999.99,9999.99,9999.99,9999.99,21.08,2.02,0.93,3.19,0.71,6.39,662,4.82,4.37,4.08,59305.07,1.18,4.04,-0.08,-65.13,53,4.08,0,0,0,0,0,5,1,1,-1,1,0,-1,-1
13155,202,2,4,2,1,1,40,2,18,3,9,0.64,2,1,43,7,993,11,12,21,18,9999.99,9999.99,9999.99,9999.99,9999.99,9999.99,9999.99,24.47,2.06,2.04,3.19,0.71,5.19,724,4.52,3.71,5.6,72912.44,0.96,-103.06,0.21,19.11,91,2.36,1.1,2,0.13,0,60,5,1,0,-1,1,0,-1,-1
13165,390,2,8,1,1,0,0,1,100,2,1,1.47,2,2,0,29,51,18,8,20,52,9999.99,9999.99,9999.99,9999.99,9999.99,9999.99,9999.99,59.67,4,1.28,3.37,0.71,5.64,637,5.28,2.94,6.39,77104.95,0.95,84.68,-0.86,-41.65,83,4.05,0.69,9,0.24,-1,480,1,1,1,1,0,0,-1,-1
13167,390,2,8,1,1,1,0,1,23,2,1,1.47,2,2,0,32,128,2,8,20,52,9999.99,9999.99,9999.99,9999.99,9999.99,9999.99,9999.99,62.66,7.5,1.01,3.37,0.71,6.6,624,4.79,4.57,5.94,59389.28,1.33,-214.69,-0.2,2.78,79,2.46,0.69,56.25,0.45,-5,40,3,1,1,0,1,0,-1,-1
13198,81,2,8,6,1,0,27,4,23,2,9,0.8,1,1,25,6,440,11,12,22,15,9999.99,9999.99,9999.99,9999.99,9999.99,9999.99,9999.99,17.08,2.27,3.07,5.01,0.71,6.1,597,4.96,4.14,4.07,60240.48,1.12,-163.23,-0.36,-35.73,0,0,9.99,0,0,0,0,5,1,1,-1,0,1,-1,-1
13254,145,2,8,1,1,0,41,1,43,1,9,0.53,1,0,43,5,437,6,9,21,25,9999.99,9999.99,9999.99,9999.99,9999.99,9999.99,9999.99,14.84,4.06,5.2,0.78,0.71,5.45,624,4.74,4.01,4.1,61252.25,0.65,145.58,-0.23,25.81,90,3.39,1.1,24.89,2.21,-1,970,5,1,0,-1,0,1,-1,-1
13261,142,2,8,1,2,0,29,4,23,2,2,1.12,2,2,45,9,926,1,8,21,20,9999.99,9999.99,9999.99,9999.99,9999.99,9999.99,9999.99,23.58,2.07,6.21,3.48,0.71,6.75,405,5.59,2.56,9.98,56398.87,0.61,413.71,0.01,-22.19,53,3.12,1.39,0.25,1.24,0,551,1,1,1,1,0,0,-1,-1
13307,179,2,2,4,1,0,30,4,28,3,2,0.54,2,-49,0,7,271,9,10,21,21,9999.99,9999.99,9999.99,9999.99,9999.99,9999.99,9999.99,14.03,3.34,3.08,3.27,0.71,6.3,639,4.78,4.69,5.7,45788.66,1.27,-258.94,0.16,-60.56,0,0,9.99,0,0,0,0,1,3,1,1,0,0,-1,-1
13319,179,2,1,1,1,9,0,9,100,3,2,0.54,2,-49,0,7,300,9,10,21,21,9999.99,9999.99,9999.99,9999.99,9999.99,9999.99,9999.99,14.71,3.6,3.24,3.27,0.71,6.25,668,4.71,4.8,5.46,47200.95,1.38,-232.1,0.24,-59.8,0,0,9.99,0,0,0,0,9,9,0,-1,0,1,-1,-1
13322,281,2,8,1,1,0,25,4,33,2,3,1.12,1,2,45,21,343,6,4,20,44,9999.99,9999.99,9999.99,9999.99,9999.99,9999.99,9999.99,43.59,4.04,4.83,2.82,0.71,5.38,624,4.74,4.22,3.92,65434.12,0.66,114.42,-0.03,34.85,0,0,9.99,0,0,0,0,1,1,1,0,0,1,-1,-1
13415,294,2,1,1,1,1,30,4,13,3,1,1.43,2,2,0,20,296,9,6,21,43,9999.99,9999.99,9999.99,9999.99,9999.99,9999.99,9999.99,43.43,4.07,3.05,2.98,0.71,6.36,631,4.79,4.64,5.76,45299.31,1.28,-266.56,0.08,-66.62,0,0,9.99,0,0,0,0,2,1,1,0,0,1,-1,-1
13423,19,2,3,6,3,0,55,4,28,4,1,0.89,-50,-50,0,1,507,12,13,21,4,9999.99,9999.99,9999.99,9999.99,9999.99,9999.99,9999.99,1.05,0.71,4.91,4.37,0.71,5.46,717,4.75,3.89,3.69,43062.53,0.83,68.18,-0.24,5.3,0,0,9.99,0,0,0,0,1,1,1,0,0,0,-1,1
13447,881,2,1,1,2,0,55,1,18,4,3,1.42,3,-50,0,32,296,9,12,21,73,28.33,0,9.32,3.92,0,3.45,0,62.94,19.48,3.05,15.1,1.42,6.36,631,4.79,4.64,5.76,45299.31,1.28,-266.56,0.08,-66.62,0,0,9.99,0,0,0,0,5,1,1,-1,0,0,1,-1
13540,67,2,8,1,1,0,29,1,18,1,1,1.16,1,1,18,10,206,7,14,21,32,9999.99,9999.99,9999.99,9999.99,9999.99,9999.99,9999.99,14.36,1,1.18,7.78,0.71,5.77,619,5.13,3.71,4.28,74644.27,0.91,-151.41,-0.37,11.07,79,2.16,0.69,0.25,0.3,0,270,1,1,1,0,0,1,-1,-1
13559,805,2,8,1,1,0,34,2,48,2,1,0.62,1,1,48,22,562,11,15,22,53,20.79,2.59,4.91,3.76,1,2.81,0,39.94,3.5,3.29,7.45,1.42,5.98,610,4.96,4.08,4.16,55933.46,1,-231.74,-0.37,-34.26,0,0,9.99,0,0,0,0,1,1,1,0,0,1,0,-1
13684,320,2,1,1,1,1,21,1,13,2,2,0.69,2,2,40,18,341,2,3,20,44,9999.99,9999.99,9999.99,9999.99,9999.99,9999.99,9999.99,42.56,3.11,1.92,2.07,0.71,6.6,606,4.94,4.51,5.88,51352.88,1.32,-151.82,-0.11,-39.13,0,0,9.99,0,0,0,0,5,1,1,-1,0,1,-1,-1
13799,98,2,1,1,1,1,31,4,18,2,2,1.12,2,2,40,10,335,6,10,21,30,9999.99,9999.99,9999.99,9999.99,9999.99,9999.99,9999.99,18.65,2.3,6.2,8.02,0.71,5.54,629,4.72,4.06,4.21,63580.1,0.76,133.32,-0.09,12.57,55,2.54,1.1,4.67,1.01,0,300,4,1,1,-1,0,1,-1,-1
13832,281,2,1,1,1,1,56,4,28,2,2,1.12,9,9,0,21,148,11,4,20,43,9999.99,9999.99,9999.99,9999.99,9999.99,9999.99,9999.99,38.57,3.11,2.78,4.82,0.71,6.6,693,4.74,4.57,6.86,56627.21,1.13,94.61,0.08,-46.12,58,3.4,1.61,624.64,1.13,1,780,1,1,1,0,0,1,-1,-1
13851,650,2,4,2,6,0,47,1,28,4,3,0.33,9,9,0,37,967,9,20,20,65,35.15,4.63,14.88,2.69,2.34,3.06,0,71.06,36.97,2.56,1.78,1.42,4.53,593,4.44,4.26,4.24,65149.01,0.84,221.66,0.45,100.71,0,0,9.99,0,0,0,0,1,4,1,1,0,0,0,-1
13877,84,2,1,1,1,0,28,4,23,1,9,0.69,1,1,23,15,233,4,9,21,37,9999.99,9999.99,9999.99,9999.99,9999.99,9999.99,9999.99,32.2,3.08,2.52,1.77,0.71,6.19,642,4.81,4.55,6.48,58543.54,1.03,-17.77,-0.04,-46.47,62,1.95,0,0,0,0,0,5,1,1,-1,0,1,-1,-1
13885,787,2,8,2,2,0,45,1,70,3,3,0.78,9,9,0,34,103,4,23,22,72,21.56,2.43,9.87,1.32,1,3.31,1,55.4,10.13,1.33,12.43,1.42,6.31,647,4.78,4.59,6.82,52346.57,1.07,3.42,-0.21,-28.99,0,0,9.99,0,0,0,1,1,9,1,1,0,0,0,-1
13910,688,2,6,4,1,0,20,1,18,4,3,1.42,4,3,70,30,103,4,14,20,60,31.56,2.43,16.25,1.32,1,3.56,0,63.31,11.69,1.32,7.35,1.42,6.31,647,4.78,4.59,6.82,52346.57,1.07,3.42,-0.21,-28.99,0,0,9.99,0,0,0,0,1,1,1,1,0,0,0,-1
13958,322,2,1,1,1,1,40,4,23,2,9,0.8,1,1,23,14,426,7,3,20,43,9999.99,9999.99,9999.99,9999.99,9999.99,9999.99,9999.99,34.02,2.67,2.79,3.57,0.71,5.6,597,5.06,3.47,4.22,77806.22,0.94,-141.08,-0.38,-62.12,0,0,9.99,0,0,0,0,5,1,1,-1,0,1,-1,-1
14003,145,2,8,1,1,0,40,1,100,4,1,1.87,2,2,0,5,211,17,8,21,25,9999.99,9999.99,9999.99,9999.99,9999.99,9999.99,9999.99,13.87,4.46,2.28,1.5,0.71,6.22,561,4.97,3.81,5.24,62059.38,0.82,5.55,-0.04,-17.42,0,0,9.99,0,0,0,0,3,1,1,0,0,1,-1,-1
14020,140,2,8,8,1,1,24,4,18,1,9,0.69,1,1,18,7,1202,19,9,21,24,9999.99,9999.99,9999.99,9999.99,9999.99,9999.99,9999.99,16.36,2.85,4.05,3.75,0.71,3.81,608,4.77,2.08,5.86,49822.5,1.25,-136.47,-1.14,-55.4,0,0,9.99,0,0,0,1,5,1,1,-1,0,1,-1,-1
14031,123,2,3,5,6,1,37,2,13,3,1,1.72,2,1,0,6,255,5,12,21,19,9999.99,9999.99,9999.99,9999.99,9999.99,9999.99,9999.99,16.52,3.5,2.22,3.65,0.71,5.03,547,4.7,4.2,3.87,61384.84,0.65,161.94,-0.07,46.82,0,0,9.99,0,0,0,0,5,1,0,-1,1,0,-1,-1
14066,153,2,8,1,2,0,54,2,70,2,2,1.48,1,2,133,5,70,9,10,21,19,9999.99,9999.99,9999.99,9999.99,9999.99,9999.99,9999.99,10.71,1.57,0.84,9.13,0.71,6.02,611,4.69,4.64,6.46,57265.54,1.28,-99.36,0.57,-64.34,85,1.79,0,0,0,0,0,1,1,1,1,0,0,-1,-1
14071,20,2,1,1,1,1,33,4,28,1,9,0.69,1,1,28,3,55,17,13,21,7,9999.99,9999.99,9999.99,9999.99,9999.99,9999.99,9999.99,7.33,2.84,2.64,3.31,0.71,5.83,577,4.99,3.85,4.43,59736.13,0.85,-164.71,0.03,-16.88,0,0,9.99,0,0,0,0,5,1,1,-1,0,1,-1,0
14099,805,2,3,6,1,0,34,1,28,5,2,1.42,2,2,0,21,861,1,16,22,45,20.79,0.46,4.61,10.29,0.23,2.81,0,44.77,3.63,9.5,8.98,1.42,6.82,541,5.29,2.64,9.06,74974.65,0.66,230.26,0.4,10.78,92,3.18,0,0,0,0,1,1,4,1,1,0,0,0,-1
14280,900,2,1,1,1,1,35,1,23,4,1,0.61,2,2,50,35,255,6,6,21,66,27.4,3.54,9.18,2.52,1,3.81,0,9999.99,9999.99,9999.99,9999.99,1.42,5.24,557,4.73,4.22,4.48,58990.65,0.68,156.71,0.07,48.72,68,2.85,1.39,192.25,0.49,0,300,5,1,1,-1,0,0,1,-1
14306,780,2,8,1,2,1,43,1,38,4,2,1.42,2,-50,65,36,926,1,26,22,98,27.69,0,2.55,6.8,0,2.6,1,67.7,20.3,6.21,1.47,1.42,6.75,405,5.59,2.56,9.98,56398.87,0.61,413.71,0.01,-22.19,53,3.12,1.39,0.25,1.24,0,550,1,1,0,-1,0,0,1,-1
14347,129,2,8,1,1,1,39,2,38,1,1,1.16,1,1,38,12,296,9,6,21,33,9999.99,9999.99,9999.99,9999.99,9999.99,9999.99,9999.99,17.23,1.28,2.72,11.06,0.71,6.36,631,4.79,4.64,5.76,45299.31,1.28,-266.56,0.08,-66.62,0,0,9.99,0,0,0,0,1,1,1,0,0,1,-1,-1
14355,791,2,8,1,1,0,60,1,70,2,2,0.69,1,2,108,30,118,1,21,22,67,21.56,0,9.36,3.88,0,2.1,0,52.11,9.5,2.9,5.59,1.42,6.1,607,4.84,4.5,7.05,75254.34,1.27,-36.43,0.41,-28.77,63,2.48,1.1,10.89,0.25,-1,551,1,4,1,1,0,0,0,-1
14489,1034,2,8,1,1,0,33,1,38,2,2,0.69,2,2,55,67,124,2,0,0,96,28.73,0.4,31.27,3.08,0.49,5.01,1,9999.99,9999.99,9999.99,9999.99,9999.99,6.57,642,4.8,4.66,5.56,48094.04,1.35,-254.63,-0.22,-22.8,100,3.53,0,0,0,0,0,1,1,1,1,0,-1,0,-1
14537,7,2,1,1,1,1,54,4,28,2,9,0.8,2,0,0,3,296,9,13,21,8,9999.99,9999.99,9999.99,9999.99,9999.99,9999.99,9999.99,10.72,3.03,2.72,0.7,0.71,6.36,631,4.79,4.64,5.76,45299.31,1.28,-266.56,0.08,-66.62,0,0,9.99,0,0,0,0,5,1,0,-1,1,0,-1,-1
14563,239,2,8,1,2,0,38,1,70,4,1,1.87,1,2,0,17,720,5,12,22,43,9999.99,9999.99,9999.99,9999.99,9999.99,9999.99,9999.99,37.18,4.12,0.68,1.56,0.71,5.65,658,4.94,3.97,3.95,32967.59,0.84,-179.23,-0.13,22.76,0,0,9.99,0,0,0,0,3,1,1,0,1,0,-1,-1
14589,125,2,8,1,1,0,63,4,70,2,1,1.77,1,2,200,12,124,9,6,21,42,9999.99,9999.99,9999.99,9999.99,9999.99,9999.99,9999.99,23,1.65,1.74,7.22,0.71,5.97,632,4.71,4.74,6.05,55862.77,1.28,-91.25,0.48,-35.45,26,2.3,0,0,0,0,0,1,1,1,0,0,1,-1,-1
14600,395,2,8,5,5,0,38,4,38,5,1,0.89,1,2,0,24,154,6,4,20,52,9999.99,9999.99,9999.99,9999.99,9999.99,9999.99,9999.99,40.95,5.18,2.32,3.33,0.71,5.14,595,4.67,4.23,3.91,66763.95,0.63,166.54,-0.06,39.24,0,0,9.99,0,0,0,0,1,1,1,1,0,0,-1,-1
14634,683,2,8,1,1,0,64,1,53,2,2,0.69,1,2,55,35,249,2,14,20,64,31.56,0,20.64,4.28,0,2.85,0,75.07,4.76,2.92,12.88,1.42,6.62,644,4.87,4.55,5.81,59626.53,1.43,-62.17,-0.18,-30.84,0,0,9.99,0,0,0,0,1,3,1,0,0,0,1,-1
14706,151,2,1,1,2,1,27,4,18,1,9,0.69,1,0,18,7,873,1,11,21,19,9999.99,9999.99,9999.99,9999.99,9999.99,9999.99,9999.99,11.29,1.48,3.94,2.78,0.71,6.29,520,5.45,2.89,8.32,90876.23,0.63,-191.03,0.05,-62.85,0,0,9.99,0,0,0,0,5,1,0,-1,0,1,-1,-1
14822,661,2,1,1,1,1,21,4,18,3,2,0.78,3,3,88,28,273,9,12,20,58,31.56,0,6,4.6,0,2.35,0,46.8,4.4,3.07,2.61,1.42,6.3,639,4.78,4.69,5.7,45672.77,1.27,-260.05,0.16,-60.36,0,0,9.99,0,0,0,0,5,1,1,-1,0,1,0,-1
14845,63,2,2,5,2,1,24,1,18,1,9,0.69,1,0,18,6,103,4,14,22,23,9999.99,9999.99,9999.99,9999.99,9999.99,9999.99,9999.99,15.59,2.74,1.33,2.14,0.71,6.31,647,4.78,4.59,6.82,52346.57,1.07,3.42,-0.21,-28.99,0,0,9.99,0,0,0,0,5,1,0,-1,0,1,-1,-1
14881,7,2,1,1,1,1,22,4,18,2,9,0.8,2,1,35,2,306,8,12,21,10,9999.99,9999.99,9999.99,9999.99,9999.99,9999.99,9999.99,2.45,1.58,4.18,4.32,0.71,5.78,730,5.12,3.22,3.98,47203.76,0.93,80.48,0,27.06,53,2.38,1.1,274.89,0.31,-9,150,5,1,1,-1,0,1,-1,-1
14883,7,2,1,1,1,1,25,4,18,2,9,0.8,2,1,35,2,72,14,11,21,10,9999.99,9999.99,9999.99,9999.99,9999.99,9999.99,9999.99,3.36,1,1.19,4.32,0.71,6.38,672,5.03,3.04,5.68,51745.52,0.76,-270.83,0.47,30.36,0,0,9.99,0,0,0,0,5,1,0,-1,0,1,-1,0
14905,337,2,1,1,1,1,45,1,23,3,3,1.78,9,9,0,27,314,2,4,20,55,9999.99,0,9999.99,2.17,0,2.1,1,48.69,4.9,1.93,9.45,0.71,6.68,621,4.99,4.52,5.69,55806.48,1.29,-78,-0.21,-19.02,0,0,9.99,0,0,0,0,1,1,1,0,0,0,1,-1
14925,754,2,8,6,6,0,36,1,48,4,2,1.42,2,2,0,19,1019,15,3,20,47,9999.99,9999.99,9999.99,9999.99,9999.99,9999.99,9999.99,38.91,5.33,6.03,8.84,1.42,5.54,594,5.48,1.79,4.58,73219.92,0.22,90.27,-0.9,-13.82,0,0,9.99,0,0,0,0,1,2,1,0,1,0,-1,-1
14952,7,2,1,1,1,1,56,4,18,2,9,0.8,1,0,30,2,323,3,13,21,6,9999.99,9999.99,9999.99,9999.99,9999.99,9999.99,9999.99,8.55,2.78,3.32,2.62,0.71,6.64,599,4.78,4.5,6.02,66019.63,1.31,-128.82,0.09,82.98,62,3.45,0.69,784,1.33,-32,240,5,1,0,-1,0,1,-1,0
14983,66,2,8,1,1,0,40,4,33,3,9,0.64,9,9,0,8,207,10,13,21,28,9999.99,9999.99,9999.99,9999.99,9999.99,9999.99,9999.99,15.32,2,2.52,12.17,0.71,6.46,690,4.81,4.73,5.24,47551.11,1.22,-120.49,0.31,-36.57,0,0,9.99,0,0,0,0,1,1,1,-1,0,1,-1,-1
15060,147,2,1,1,1,1,32,4,23,1,9,0.69,1,1,23,3,426,13,8,21,22,9999.99,9999.99,9999.99,9999.99,9999.99,9999.99,9999.99,8.02,2,2.61,3.35,0.71,6.15,564,5.04,3.37,5.43,61772.38,0.65,-210.91,0.14,35.23,49,1.78,1.39,859,0.01,0,710,4,1,1,-1,0,1,-1,-1
15104,89,2,8,1,1,1,27,4,23,1,2,1.04,1,1,23,10,55,17,7,21,27,9999.99,9999.99,9999.99,9999.99,9999.99,9999.99,9999.99,15.14,1.91,1.87,7.08,0.71,5.83,577,4.99,3.85,4.43,59736.13,0.85,-164.71,0.03,-16.88,0,0,9.99,0,0,0,0,1,1,1,0,0,1,-1,-1
15108,321,2,1,1,2,1,29,4,28,2,1,1.77,2,2,50,17,838,11,3,20,44,9999.99,9999.99,9999.99,9999.99,9999.99,9999.99,9999.99,39.57,4.5,1.46,3.81,0.71,5.88,688,4.96,4.06,3.94,52981.17,1.01,-197.57,-0.15,-3.77,53,3.02,0.69,0.25,0.15,0,190,2,1,1,0,0,1,-1,-1
15130,233,2,8,1,1,0,54,1,100,5,3,1.78,3,3,0,12,720,5,11,21,36,9999.99,9999.99,9999.99,9999.99,9999.99,9999.99,9999.99,35.06,4.5,0.68,3.24,0.71,5.65,658,4.94,3.97,3.95,32967.59,0.84,-179.23,-0.13,22.76,0,0,9.99,0,0,0,0,1,1,1,1,0,0,-1,-1
15132,233,2,7,8,3,0,25,1,100,5,3,1.78,3,3,0,13,260,4,11,21,37,9999.99,9999.99,9999.99,9999.99,9999.99,9999.99,9999.99,36.06,4.76,2.72,4.52,0.71,6.19,642,4.83,4.54,6.55,59616.68,1.01,-36.72,-0.03,-49.39,18,1.95,0,0,0,0,1,1,2,1,1,0,0,-1,-1
15138,233,2,3,2,1,1,24,1,100,5,3,1.78,3,3,0,13,838,11,11,21,37,9999.99,9999.99,9999.99,9999.99,9999.99,9999.99,9999.99,35.06,4.5,1.19,3.24,0.71,5.88,688,4.96,4.06,3.94,52981.17,1.01,-197.57,-0.15,-3.77,53,3.02,0.69,0.25,0.15,0,190,1,1,0,-1,1,0,-1,-1
15208,377,2,3,5,1,0,59,3,100,3,1,1.72,2,-50,0,19,243,12,4,20,51,9999.99,9999.99,9999.99,9999.99,9999.99,9999.99,9999.99,43.54,2.36,5.17,4.42,0.71,5.91,583,4.82,3.76,4.5,56901.16,0.94,-62.82,0.26,-55.38,73,1.61,0,0,0,0,1,3,1,1,0,0,1,-1,-1
15231,854,2,8,1,1,0,25,1,23,3,4,0.78,-50,-50,0,33,341,2,16,22,72,29.65,0,10.07,2.15,0,3.4,0,65.71,16.18,1.52,16.37,1.42,6.6,606,4.94,4.51,5.88,51352.88,1.32,-151.82,-0.11,-39.13,0,0,9.99,0,0,0,0,1,2,1,0,0,0,1,-1
15254,397,2,2,1,1,0,36,1,28,3,2,1.78,2,2,68,23,137,2,4,20,48,9999.99,0,9999.99,4.17,0,2.25,0,42.71,5.09,1.6,4.9,0.71,6.56,635,4.82,4.64,5.5,45490.43,1.38,-246.79,-0.2,-38.3,0,0,9.99,0,0,0,1,1,9,1,0,0,1,0,-1
15322,57,2,8,1,1,1,35,2,38,4,2,1.78,4,3,180,3,138,3,14,21,9,9999.99,9999.99,9999.99,9999.99,9999.99,9999.99,9999.99,10.86,2.6,0.87,4.55,0.71,6.64,649,4.81,4.6,5.32,57870.38,1.19,-224.34,0.12,39.72,0,0,9.99,0,0,0,0,5,1,0,-1,0,1,-1,-1
15332,57,2,8,1,2,0,36,2,38,4,2,1.78,4,3,180,3,267,10,14,21,9,9999.99,9999.99,9999.99,9999.99,9999.99,9999.99,9999.99,8.43,2.5,3.27,4.55,0.71,6.45,679,4.71,4.79,5.47,47331.27,1.37,-176.88,0.19,-62.33,0,0,9.99,0,0,0,0,1,1,1,1,0,0,-1,-1
15422,306,2,1,1,1,1,38,1,33,4,9,0.48,3,1,68,13,328,7,3,20,50,9999.99,9999.99,9999.99,9999.99,9999.99,9999.99,9999.99,23.59,3.22,3.11,9.81,0.71,5.51,667,4.9,3.97,3.63,60882.38,1.01,-213.51,-0.11,-32.66,55,2.3,1.79,979.58,0.28,2,570,5,1,0,-1,0,1,-1,-1
15654,453,2,8,1,1,0,29,1,23,3,2,0.78,1,2,0,52,101,9,0,0,78,41.44,0.73,1.36,2.23,0.83,3.51,1,9999.99,9999.99,9999.99,9999.99,9999.99,6.01,654,4.68,4.8,5.8,55829.55,1.24,-122.95,0.43,-54.33,76,3.31,1.1,81.55,0.52,1,640,1,1,1,1,0,-1,0,-1
15674,377,2,8,1,1,0,54,1,23,6,2,1.78,6,-50,75,23,705,11,4,20,50,9999.99,9999.99,9999.99,9999.99,9999.99,9999.99,9999.99,56.15,3.27,5.57,1.7,0.71,5.51,722,4.55,3.91,5.3,48102.32,1.08,-24.57,0.64,10.46,51,1.94,1.1,1121.56,0.01,3,931,3,4,0,-1,1,0,-1,-1
15676,377,2,1,1,1,1,28,1,13,6,2,1.78,6,-50,75,23,705,11,4,20,50,9999.99,9999.99,9999.99,9999.99,9999.99,9999.99,9999.99,56.15,3.27,5.57,1.7,0.71,5.51,722,4.55,3.91,5.3,48102.32,1.08,-24.57,0.64,10.46,51,1.94,1.1,1121.56,0.01,3,931,3,4,1,0,0,1,-1,-1
15844,798,2,6,3,1,0,37,2,70,4,2,1.42,2,2,108,38,228,4,25,22,75,21.56,1.54,14.38,2.8,1,3.31,1,62.72,12.38,2.79,8.12,1.42,6.45,654,4.69,4.59,6.41,58918.2,1.15,-109.31,-0.04,14.5,100,3.05,0,0,0,0,1,1,1,1,1,0,0,0,-1
16174,683,2,8,6,1,0,35,1,38,3,2,0.78,9,9,0,35,225,11,13,20,67,31.56,2.59,20.98,1.79,1,3.56,0,74.57,5.23,4.56,17.13,1.42,6.23,624,4.81,4.34,4.11,63624.99,1.12,-82.46,-0.31,-74.53,56,3.47,1.1,164.22,0.25,5,960,1,1,1,1,0,0,0,-1
16287,670,2,8,1,1,0,52,1,70,5,3,1.42,9,9,0,23,273,9,8,20,55,31.56,0,4.96,4.6,0,2.35,0,39.36,3.57,3.07,6.81,1.42,6.3,639,4.78,4.69,5.7,45672.77,1.27,-260.05,0.16,-60.36,0,0,9.99,0,0,0,0,1,1,1,1,0,0,0,-1
16396,95,2,1,1,1,1,27,4,23,3,2,0.54,-50,-50,0,15,343,2,11,21,37,9999.99,9999.99,9999.99,9999.99,9999.99,9999.99,9999.99,35.39,3.81,2.6,5.15,0.71,6.66,581,4.86,4.38,6.48,68276,1.29,-31.38,0.01,67.26,0,0,9.99,0,0,0,0,3,1,1,0,0,1,-1,-1
16424,517,2,2,1,1,0,29,1,23,4,2,1.42,2,2,0,70,105,4,0,0,96,49.8,2.43,12.13,1.33,1,3.51,1,9999.99,9999.99,9999.99,9999.99,9999.99,6.31,647,4.78,4.59,6.82,52351.92,1.07,2.09,-0.21,-29.29,0,0,9.99,0,0,0,0,1,1,1,0,0,-1,1,-1
16555,636,2,8,1,1,0,38,1,70,5,1,0.61,2,2,0,52,124,2,32,20,72,31.56,0.4,31.6,3.08,0.49,4.41,0,73.33,4,1.26,5.53,1.42,6.57,642,4.8,4.66,5.56,48094.04,1.35,-254.63,-0.22,-22.8,100,3.53,0,0,0,0,0,3,1,1,0,0,0,1,-1
16597,144,2,8,1,1,0,41,4,28,4,1,0.89,2,2,40,8,614,5,8,21,27,9999.99,9999.99,9999.99,9999.99,9999.99,9999.99,9999.99,22.55,5.54,3.88,1.06,0.71,5.39,640,4.79,4.14,3.57,39154.48,0.8,-33.27,-0.03,15.65,81,3.9,1.61,121.6,1.93,7,500,1,1,1,0,0,1,-1,-1
16599,144,1,1,1,1,1,40,4,13,4,1,0.89,2,2,40,8,368,17,8,21,25,9999.99,9999.99,9999.99,9999.99,9999.99,9999.99,9999.99,19.12,4.44,4.87,1.06,0.71,5.68,621,4.78,3.95,4.07,47833.08,0.93,-81.2,0.24,-27.35,0,0,9.99,0,0,0,0,1,1,1,0,0,1,-1,-1
16785,780,2,8,1,2,0,57,2,43,5,1,0.61,3,2,65,38,612,3,27,22,0,21.56,1.94,11.96,4.84,1.52,3.31,1,68.5,21.92,4.03,8.51,1.42,6.22,599,4.55,4.17,8.06,55225.69,1.02,84.17,-0.02,79.7,63,3.38,0.69,42.25,0.55,4,840,2,1,1,1,0,0,0,-1
16793,810,2,1,1,1,1,33,3,28,3,1,0.58,2,2,60,24,321,4,15,22,55,20.79,2.43,7.15,3.21,1,2.81,0,48.86,5.72,3.69,2.46,1.42,6.56,643,4.75,4.6,6.32,53486.14,1.15,-44.07,-0.2,-35.77,87,4.99,0.69,30.25,0.49,-3,850,4,1,1,-1,0,1,0,-1
17105,1243,2,1,1,1,1,25,2,13,4,1,0.37,4,3,65,91,270,2,0,0,113,28.73,0,54.59,3.29,0,5.25,1,48.86,5.72,3.69,2.46,1.42,6.42,626,4.86,4.61,5.82,46281.32,1.34,-269.72,-0.06,-53.01,0,0,9.99,0,0,0,0,5,1,0,-1,0,-1,1,-1
